date,year,month,day,sales,region
2018-02-06,2018,2,6,1638.0,north
2018-02-06,2018,2,6,1647.0,south
2018-02-06,2018,2,6,1731.0,east
2018-02-06,2018,2,6,1557.0,west
2018-02-07,2018,2,7,1587.0,north
2018-02-07,2018,2,7,1698.0,south
2018-02-07,2018,2,7,1542.0,east
2018-02-07,2018,2,7,1635.0,west
2018-02-08,2018,2,8,1602.0,north
2018-02-08,2018,2,8,1536.0,south
2018-02-08,2018,2,8,1503.0,east
2018-02-08,2018,2,8,1701.0,west
2018-02-09,2018,2,9,1758.0,north
2018-02-09,2018,2,9,1662.0,south
2018-02-09,2018,2,9,1782.0,east
2018-02-09,2018,2,9,1515.0,west
2018-02-10,2018,2,10,1662.0,north
2018-02-10,2018,2,10,1557.0,south
2018-02-10,2018,2,10,1650.0,east
2018-02-10,2018,2,10,1674.0,west
2018-02-11,2018,2,11,1554.0,north
2018-02-11,2018,2,11,1587.0,south
2018-02-11,2018,2,11,1563.0,east
2018-02-11,2018,2,11,1764.0,west
2018-02-12,2018,2,12,1758.0,north
2018-02-12,2018,2,12,1608.0,south
2018-02-12,2018,2,12,1569.0,east
2018-02-12,2018,2,12,1653.0,west
2018-02-13,2018,2,13,1572.0,north
2018-02-13,2018,2,13,1716.0,south
2018-02-13,2018,2,13,1773.0,east
2018-02-13,2018,2,13,1725.0,west
2018-02-14,2018,2,14,1767.0,north
2018-02-14,2018,2,14,1710.0,south
2018-02-14,2018,2,14,1698.0,east
2018-02-14,2018,2,14,1512.0,west
2018-02-15,2018,2,15,1746.0,north
2018-02-15,2018,2,15,1734.0,south
2018-02-15,2018,2,15,1524.0,east
2018-02-15,2018,2,15,1614.0,west
2018-02-16,2018,2,16,1578.0,north
2018-02-16,2018,2,16,1782.0,south
2018-02-16,2018,2,16,1527.0,east
2018-02-16,2018,2,16,1752.0,west
2018-02-17,2018,2,17,1785.0,north
2018-02-17,2018,2,17,1689.0,south
2018-02-17,2018,2,17,1641.0,east
2018-02-17,2018,2,17,1575.0,west
2018-02-18,2018,2,18,1644.0,north
2018-02-18,2018,2,18,1674.0,south
2018-02-18,2018,2,18,1551.0,east
2018-02-18,2018,2,18,1737.0,west
2018-02-19,2018,2,19,1563.0,north
2018-02-19,2018,2,19,1647.0,south
2018-02-19,2018,2,19,1605.0,east
2018-02-19,2018,2,19,1539.0,west
2018-02-20,2018,2,20,1698.0,north
2018-02-20,2018,2,20,1575.0,south
2018-02-20,2018,2,20,1500.0,east
2018-02-20,2018,2,20,1551.0,west
2018-02-21,2018,2,21,1737.0,north
2018-02-21,2018,2,21,1542.0,south
2018-02-21,2018,2,21,1665.0,east
2018-02-21,2018,2,21,1548.0,west
2018-02-22,2018,2,22,1635.0,north
2018-02-22,2018,2,22,1632.0,south
2018-02-22,2018,2,22,1668.0,east
2018-02-22,2018,2,22,1764.0,west
2018-02-23,2018,2,23,1533.0,north
2018-02-23,2018,2,23,1563.0,south
2018-02-23,2018,2,23,1641.0,east
2018-02-23,2018,2,23,1773.0,west
2018-02-24,2018,2,24,1629.0,north
2018-02-24,2018,2,24,1698.0,south
2018-02-24,2018,2,24,1725.0,east
2018-02-24,2018,2,24,1722.0,west
2018-02-25,2018,2,25,1596.0,north
2018-02-25,2018,2,25,1710.0,south
2018-02-25,2018,2,25,1635.0,east
2018-02-25,2018,2,25,1659.0,west
2018-02-26,2018,2,26,1686.0,north
2018-02-26,2018,2,26,1533.0,south
2018-02-26,2018,2,26,1524.0,east
2018-02-26,2018,2,26,1530.0,west
2018-02-27,2018,2,27,1665.0,north
2018-02-27,2018,2,27,1695.0,south
2018-02-27,2018,2,27,1578.0,east
2018-02-27,2018,2,27,1620.0,west
2018-02-28,2018,2,28,1767.0,north
2018-02-28,2018,2,28,1593.0,south
2018-02-28,2018,2,28,1743.0,east
2018-02-28,2018,2,28,1557.0,west
2018-03-01,2018,3,1,1668.0,north
2018-03-01,2018,3,1,1782.0,south
2018-03-01,2018,3,1,1527.0,east
2018-03-01,2018,3,1,1668.0,west
2018-03-02,2018,3,2,1635.0,north
2018-03-02,2018,3,2,1569.0,south
2018-03-02,2018,3,2,1746.0,east
2018-03-02,2018,3,2,1773.0,west
2018-03-03,2018,3,3,1539.0,north
2018-03-03,2018,3,3,1500.0,south
2018-03-03,2018,3,3,1569.0,east
2018-03-03,2018,3,3,1557.0,west
2018-03-04,2018,3,4,1773.0,north
2018-03-04,2018,3,4,1644.0,south
2018-03-04,2018,3,4,1614.0,east
2018-03-04,2018,3,4,1674.0,west
2018-03-05,2018,3,5,1533.0,north
2018-03-05,2018,3,5,1653.0,south
2018-03-05,2018,3,5,1557.0,east
2018-03-05,2018,3,5,1746.0,west
2018-03-06,2018,3,6,1719.0,north
2018-03-06,2018,3,6,1719.0,south
2018-03-06,2018,3,6,1659.0,east
2018-03-06,2018,3,6,1800.0,west
2018-03-07,2018,3,7,1581.0,north
2018-03-07,2018,3,7,1602.0,south
2018-03-07,2018,3,7,1608.0,east
2018-03-07,2018,3,7,1650.0,west
2018-03-08,2018,3,8,1611.0,north
2018-03-08,2018,3,8,1530.0,south
2018-03-08,2018,3,8,1698.0,east
2018-03-08,2018,3,8,1668.0,west
2018-03-09,2018,3,9,1746.0,north
2018-03-09,2018,3,9,1524.0,south
2018-03-09,2018,3,9,1506.0,east
2018-03-09,2018,3,9,1704.0,west
2018-03-10,2018,3,10,1788.0,north
2018-03-10,2018,3,10,1719.0,south
2018-03-10,2018,3,10,1746.0,east
2018-03-10,2018,3,10,1584.0,west
2018-03-11,2018,3,11,1692.0,north
2018-03-11,2018,3,11,1635.0,south
2018-03-11,2018,3,11,1608.0,east
2018-03-11,2018,3,11,1590.0,west
2018-03-12,2018,3,12,1599.0,north
2018-03-12,2018,3,12,1518.0,south
2018-03-12,2018,3,12,1602.0,east
2018-03-12,2018,3,12,1659.0,west
2018-03-13,2018,3,13,1644.0,north
2018-03-13,2018,3,13,1611.0,south
2018-03-13,2018,3,13,1554.0,east
2018-03-13,2018,3,13,1515.0,west
2018-03-14,2018,3,14,1515.0,north
2018-03-14,2018,3,14,1632.0,south
2018-03-14,2018,3,14,1512.0,east
2018-03-14,2018,3,14,1776.0,west
2018-03-15,2018,3,15,1677.0,north
2018-03-15,2018,3,15,1503.0,south
2018-03-15,2018,3,15,1605.0,east
2018-03-15,2018,3,15,1647.0,west
2018-03-16,2018,3,16,1506.0,north
2018-03-16,2018,3,16,1737.0,south
2018-03-16,2018,3,16,1590.0,east
2018-03-16,2018,3,16,1767.0,west
2018-03-17,2018,3,17,1593.0,north
2018-03-17,2018,3,17,1614.0,south
2018-03-17,2018,3,17,1710.0,east
2018-03-17,2018,3,17,1662.0,west
2018-03-18,2018,3,18,1650.0,north
2018-03-18,2018,3,18,1755.0,south
2018-03-18,2018,3,18,1698.0,east
2018-03-18,2018,3,18,1659.0,west
2018-03-19,2018,3,19,1683.0,north
2018-03-19,2018,3,19,1509.0,south
2018-03-19,2018,3,19,1500.0,east
2018-03-19,2018,3,19,1545.0,west
2018-03-20,2018,3,20,1647.0,north
2018-03-20,2018,3,20,1614.0,south
2018-03-20,2018,3,20,1629.0,east
2018-03-20,2018,3,20,1677.0,west
2018-03-21,2018,3,21,1743.0,north
2018-03-21,2018,3,21,1569.0,south
2018-03-21,2018,3,21,1593.0,east
2018-03-21,2018,3,21,1578.0,west
2018-03-22,2018,3,22,1578.0,north
2018-03-22,2018,3,22,1581.0,south
2018-03-22,2018,3,22,1653.0,east
2018-03-22,2018,3,22,1578.0,west
2018-03-23,2018,3,23,1761.0,north
2018-03-23,2018,3,23,1611.0,south
2018-03-23,2018,3,23,1749.0,east
2018-03-23,2018,3,23,1764.0,west
2018-03-24,2018,3,24,1716.0,north
2018-03-24,2018,3,24,1710.0,south
2018-03-24,2018,3,24,1800.0,east
2018-03-24,2018,3,24,1728.0,west
2018-03-25,2018,3,25,1743.0,north
2018-03-25,2018,3,25,1764.0,south
2018-03-25,2018,3,25,1740.0,east
2018-03-25,2018,3,25,1707.0,west
2018-03-26,2018,3,26,1509.0,north
2018-03-26,2018,3,26,1641.0,south
2018-03-26,2018,3,26,1533.0,east
2018-03-26,2018,3,26,1752.0,west
2018-03-27,2018,3,27,1767.0,north
2018-03-27,2018,3,27,1590.0,south
2018-03-27,2018,3,27,1533.0,east
2018-03-27,2018,3,27,1704.0,west
2018-03-28,2018,3,28,1671.0,north
2018-03-28,2018,3,28,1527.0,south
2018-03-28,2018,3,28,1524.0,east
2018-03-28,2018,3,28,1629.0,west
2018-03-29,2018,3,29,1722.0,north
2018-03-29,2018,3,29,1557.0,south
2018-03-29,2018,3,29,1686.0,east
2018-03-29,2018,3,29,1779.0,west
2018-03-30,2018,3,30,1734.0,north
2018-03-30,2018,3,30,1776.0,south
2018-03-30,2018,3,30,1554.0,east
2018-03-30,2018,3,30,1725.0,west
2018-03-31,2018,3,31,1617.0,north
2018-03-31,2018,3,31,1635.0,south
2018-03-31,2018,3,31,1605.0,east
2018-03-31,2018,3,31,1785.0,west
2018-04-01,2018,4,1,1761.0,north
2018-04-01,2018,4,1,1530.0,south
2018-04-01,2018,4,1,1710.0,east
2018-04-01,2018,4,1,1506.0,west
2018-04-02,2018,4,2,1509.0,north
2018-04-02,2018,4,2,1797.0,south
2018-04-02,2018,4,2,1662.0,east
2018-04-02,2018,4,2,1530.0,west
2018-04-03,2018,4,3,1767.0,north
2018-04-03,2018,4,3,1767.0,south
2018-04-03,2018,4,3,1614.0,east
2018-04-03,2018,4,3,1533.0,west
2018-04-04,2018,4,4,1767.0,north
2018-04-04,2018,4,4,1761.0,south
2018-04-04,2018,4,4,1566.0,east
2018-04-04,2018,4,4,1623.0,west
2018-04-05,2018,4,5,1506.0,north
2018-04-05,2018,4,5,1512.0,south
2018-04-05,2018,4,5,1692.0,east
2018-04-05,2018,4,5,1749.0,west
2018-04-06,2018,4,6,1701.0,north
2018-04-06,2018,4,6,1752.0,south
2018-04-06,2018,4,6,1632.0,east
2018-04-06,2018,4,6,1515.0,west
2018-04-07,2018,4,7,1725.0,north
2018-04-07,2018,4,7,1611.0,south
2018-04-07,2018,4,7,1788.0,east
2018-04-07,2018,4,7,1617.0,west
2018-04-08,2018,4,8,1656.0,north
2018-04-08,2018,4,8,1674.0,south
2018-04-08,2018,4,8,1557.0,east
2018-04-08,2018,4,8,1701.0,west
2018-04-09,2018,4,9,1686.0,north
2018-04-09,2018,4,9,1782.0,south
2018-04-09,2018,4,9,1641.0,east
2018-04-09,2018,4,9,1557.0,west
2018-04-10,2018,4,10,1686.0,north
2018-04-10,2018,4,10,1527.0,south
2018-04-10,2018,4,10,1698.0,east
2018-04-10,2018,4,10,1728.0,west
2018-04-11,2018,4,11,1671.0,north
2018-04-11,2018,4,11,1527.0,south
2018-04-11,2018,4,11,1581.0,east
2018-04-11,2018,4,11,1764.0,west
2018-04-12,2018,4,12,1653.0,north
2018-04-12,2018,4,12,1626.0,south
2018-04-12,2018,4,12,1782.0,east
2018-04-12,2018,4,12,1749.0,west
2018-04-13,2018,4,13,1539.0,north
2018-04-13,2018,4,13,1752.0,south
2018-04-13,2018,4,13,1674.0,east
2018-04-13,2018,4,13,1749.0,west
2018-04-14,2018,4,14,1569.0,north
2018-04-14,2018,4,14,1794.0,south
2018-04-14,2018,4,14,1674.0,east
2018-04-14,2018,4,14,1638.0,west
2018-04-15,2018,4,15,1515.0,north
2018-04-15,2018,4,15,1527.0,south
2018-04-15,2018,4,15,1602.0,east
2018-04-15,2018,4,15,1653.0,west
2018-04-16,2018,4,16,1602.0,north
2018-04-16,2018,4,16,1707.0,south
2018-04-16,2018,4,16,1548.0,east
2018-04-16,2018,4,16,1527.0,west
2018-04-17,2018,4,17,1599.0,north
2018-04-17,2018,4,17,1728.0,south
2018-04-17,2018,4,17,1704.0,east
2018-04-17,2018,4,17,1539.0,west
2018-04-18,2018,4,18,1545.0,north
2018-04-18,2018,4,18,1797.0,south
2018-04-18,2018,4,18,1515.0,east
2018-04-18,2018,4,18,1719.0,west
2018-04-19,2018,4,19,1713.0,north
2018-04-19,2018,4,19,1674.0,south
2018-04-19,2018,4,19,1767.0,east
2018-04-19,2018,4,19,1767.0,west
2018-04-20,2018,4,20,1668.0,north
2018-04-20,2018,4,20,1620.0,south
2018-04-20,2018,4,20,1677.0,east
2018-04-20,2018,4,20,1509.0,west
2018-04-21,2018,4,21,1683.0,north
2018-04-21,2018,4,21,1743.0,south
2018-04-21,2018,4,21,1644.0,east
2018-04-21,2018,4,21,1578.0,west
2018-04-22,2018,4,22,1572.0,north
2018-04-22,2018,4,22,1545.0,south
2018-04-22,2018,4,22,1557.0,east
2018-04-22,2018,4,22,1626.0,west
2018-04-23,2018,4,23,1710.0,north
2018-04-23,2018,4,23,1659.0,south
2018-04-23,2018,4,23,1665.0,east
2018-04-23,2018,4,23,1521.0,west
2018-04-24,2018,4,24,1503.0,north
2018-04-24,2018,4,24,1650.0,south
2018-04-24,2018,4,24,1689.0,east
2018-04-24,2018,4,24,1743.0,west
2018-04-25,2018,4,25,1623.0,north
2018-04-25,2018,4,25,1503.0,south
2018-04-25,2018,4,25,1758.0,east
2018-04-25,2018,4,25,1557.0,west
2018-04-26,2018,4,26,1713.0,north
2018-04-26,2018,4,26,1734.0,south
2018-04-26,2018,4,26,1740.0,east
2018-04-26,2018,4,26,1563.0,west
2018-04-27,2018,4,27,1716.0,north
2018-04-27,2018,4,27,1791.0,south
2018-04-27,2018,4,27,1674.0,east
2018-04-27,2018,4,27,1716.0,west
2018-04-28,2018,4,28,1632.0,north
2018-04-28,2018,4,28,1641.0,south
2018-04-28,2018,4,28,1584.0,east
2018-04-28,2018,4,28,1590.0,west
2018-04-29,2018,4,29,1713.0,north
2018-04-29,2018,4,29,1593.0,south
2018-04-29,2018,4,29,1740.0,east
2018-04-29,2018,4,29,1638.0,west
2018-04-30,2018,4,30,1653.0,north
2018-04-30,2018,4,30,1590.0,south
2018-04-30,2018,4,30,1593.0,east
2018-04-30,2018,4,30,1602.0,west
2018-05-01,2018,5,1,1785.0,north
2018-05-01,2018,5,1,1764.0,south
2018-05-01,2018,5,1,1506.0,east
2018-05-01,2018,5,1,1536.0,west
2018-05-02,2018,5,2,1623.0,north
2018-05-02,2018,5,2,1674.0,south
2018-05-02,2018,5,2,1791.0,east
2018-05-02,2018,5,2,1653.0,west
2018-05-03,2018,5,3,1785.0,north
2018-05-03,2018,5,3,1569.0,south
2018-05-03,2018,5,3,1500.0,east
2018-05-03,2018,5,3,1770.0,west
2018-05-04,2018,5,4,1653.0,north
2018-05-04,2018,5,4,1590.0,south
2018-05-04,2018,5,4,1671.0,east
2018-05-04,2018,5,4,1629.0,west
2018-05-05,2018,5,5,1578.0,north
2018-05-05,2018,5,5,1665.0,south
2018-05-05,2018,5,5,1575.0,east
2018-05-05,2018,5,5,1587.0,west
2018-05-06,2018,5,6,1674.0,north
2018-05-06,2018,5,6,1785.0,south
2018-05-06,2018,5,6,1719.0,east
2018-05-06,2018,5,6,1617.0,west
2018-05-07,2018,5,7,1794.0,north
2018-05-07,2018,5,7,1563.0,south
2018-05-07,2018,5,7,1728.0,east
2018-05-07,2018,5,7,1740.0,west
2018-05-08,2018,5,8,1617.0,north
2018-05-08,2018,5,8,1650.0,south
2018-05-08,2018,5,8,1728.0,east
2018-05-08,2018,5,8,1635.0,west
2018-05-09,2018,5,9,1584.0,north
2018-05-09,2018,5,9,1647.0,south
2018-05-09,2018,5,9,1551.0,east
2018-05-09,2018,5,9,1512.0,west
2018-05-10,2018,5,10,1737.0,north
2018-05-10,2018,5,10,1551.0,south
2018-05-10,2018,5,10,1515.0,east
2018-05-10,2018,5,10,1716.0,west
2018-05-11,2018,5,11,1746.0,north
2018-05-11,2018,5,11,1677.0,south
2018-05-11,2018,5,11,1584.0,east
2018-05-11,2018,5,11,1617.0,west
2018-05-12,2018,5,12,1743.0,north
2018-05-12,2018,5,12,1533.0,south
2018-05-12,2018,5,12,1521.0,east
2018-05-12,2018,5,12,1578.0,west
2018-05-13,2018,5,13,1545.0,north
2018-05-13,2018,5,13,1713.0,south
2018-05-13,2018,5,13,1665.0,east
2018-05-13,2018,5,13,1644.0,west
2018-05-14,2018,5,14,1776.0,north
2018-05-14,2018,5,14,1560.0,south
2018-05-14,2018,5,14,1644.0,east
2018-05-14,2018,5,14,1503.0,west
2018-05-15,2018,5,15,1800.0,north
2018-05-15,2018,5,15,1758.0,south
2018-05-15,2018,5,15,1701.0,east
2018-05-15,2018,5,15,1671.0,west
2018-05-16,2018,5,16,1593.0,north
2018-05-16,2018,5,16,1617.0,south
2018-05-16,2018,5,16,1626.0,east
2018-05-16,2018,5,16,1629.0,west
2018-05-17,2018,5,17,1728.0,north
2018-05-17,2018,5,17,1506.0,south
2018-05-17,2018,5,17,1590.0,east
2018-05-17,2018,5,17,1626.0,west
2018-05-18,2018,5,18,1782.0,north
2018-05-18,2018,5,18,1572.0,south
2018-05-18,2018,5,18,1539.0,east
2018-05-18,2018,5,18,1509.0,west
2018-05-19,2018,5,19,1788.0,north
2018-05-19,2018,5,19,1713.0,south
2018-05-19,2018,5,19,1626.0,east
2018-05-19,2018,5,19,1629.0,west
2018-05-20,2018,5,20,1548.0,north
2018-05-20,2018,5,20,1716.0,south
2018-05-20,2018,5,20,1752.0,east
2018-05-20,2018,5,20,1638.0,west
2018-05-21,2018,5,21,1575.0,north
2018-05-21,2018,5,21,1671.0,south
2018-05-21,2018,5,21,1626.0,east
2018-05-21,2018,5,21,1572.0,west
2018-05-22,2018,5,22,1572.0,north
2018-05-22,2018,5,22,1569.0,south
2018-05-22,2018,5,22,1581.0,east
2018-05-22,2018,5,22,1521.0,west
2018-05-23,2018,5,23,1641.0,north
2018-05-23,2018,5,23,1692.0,south
2018-05-23,2018,5,23,1713.0,east
2018-05-23,2018,5,23,1563.0,west
2018-05-24,2018,5,24,1524.0,north
2018-05-24,2018,5,24,1533.0,south
2018-05-24,2018,5,24,1695.0,east
2018-05-24,2018,5,24,1533.0,west
2018-05-25,2018,5,25,1599.0,north
2018-05-25,2018,5,25,1665.0,south
2018-05-25,2018,5,25,1713.0,east
2018-05-25,2018,5,25,1644.0,west
2018-05-26,2018,5,26,1776.0,north
2018-05-26,2018,5,26,1530.0,south
2018-05-26,2018,5,26,1650.0,east
2018-05-26,2018,5,26,1512.0,west
2018-05-27,2018,5,27,1629.0,north
2018-05-27,2018,5,27,1707.0,south
2018-05-27,2018,5,27,1521.0,east
2018-05-27,2018,5,27,1761.0,west
2018-05-28,2018,5,28,1755.0,north
2018-05-28,2018,5,28,1659.0,south
2018-05-28,2018,5,28,1800.0,east
2018-05-28,2018,5,28,1539.0,west
2018-05-29,2018,5,29,1713.0,north
2018-05-29,2018,5,29,1752.0,south
2018-05-29,2018,5,29,1629.0,east
2018-05-29,2018,5,29,1635.0,west
2018-05-30,2018,5,30,1674.0,north
2018-05-30,2018,5,30,1701.0,south
2018-05-30,2018,5,30,1614.0,east
2018-05-30,2018,5,30,1794.0,west
2018-05-31,2018,5,31,1725.0,north
2018-05-31,2018,5,31,1659.0,south
2018-05-31,2018,5,31,1536.0,east
2018-05-31,2018,5,31,1620.0,west
2018-06-01,2018,6,1,1794.0,north
2018-06-01,2018,6,1,1623.0,south
2018-06-01,2018,6,1,1665.0,east
2018-06-01,2018,6,1,1671.0,west
2018-06-02,2018,6,2,1752.0,north
2018-06-02,2018,6,2,1707.0,south
2018-06-02,2018,6,2,1797.0,east
2018-06-02,2018,6,2,1668.0,west
2018-06-03,2018,6,3,1596.0,north
2018-06-03,2018,6,3,1503.0,south
2018-06-03,2018,6,3,1578.0,east
2018-06-03,2018,6,3,1680.0,west
2018-06-04,2018,6,4,1608.0,north
2018-06-04,2018,6,4,1683.0,south
2018-06-04,2018,6,4,1572.0,east
2018-06-04,2018,6,4,1656.0,west
2018-06-05,2018,6,5,1713.0,north
2018-06-05,2018,6,5,1698.0,south
2018-06-05,2018,6,5,1557.0,east
2018-06-05,2018,6,5,1782.0,west
2018-06-06,2018,6,6,1695.0,north
2018-06-06,2018,6,6,1680.0,south
2018-06-06,2018,6,6,1761.0,east
2018-06-06,2018,6,6,1659.0,west
2018-06-07,2018,6,7,1518.0,north
2018-06-07,2018,6,7,1572.0,south
2018-06-07,2018,6,7,1785.0,east
2018-06-07,2018,6,7,1557.0,west
2018-06-08,2018,6,8,1719.0,north
2018-06-08,2018,6,8,1677.0,south
2018-06-08,2018,6,8,1695.0,east
2018-06-08,2018,6,8,1602.0,west
2018-06-09,2018,6,9,1782.0,north
2018-06-09,2018,6,9,1773.0,south
2018-06-09,2018,6,9,1656.0,east
2018-06-09,2018,6,9,1665.0,west
2018-06-10,2018,6,10,1578.0,north
2018-06-10,2018,6,10,1641.0,south
2018-06-10,2018,6,10,1737.0,east
2018-06-10,2018,6,10,1557.0,west
2018-06-11,2018,6,11,1788.0,north
2018-06-11,2018,6,11,1677.0,south
2018-06-11,2018,6,11,1698.0,east
2018-06-11,2018,6,11,1728.0,west
2018-06-12,2018,6,12,1776.0,north
2018-06-12,2018,6,12,1551.0,south
2018-06-12,2018,6,12,1548.0,east
2018-06-12,2018,6,12,1542.0,west
2018-06-13,2018,6,13,1683.0,north
2018-06-13,2018,6,13,1683.0,south
2018-06-13,2018,6,13,1572.0,east
2018-06-13,2018,6,13,1683.0,west
2018-06-14,2018,6,14,1761.0,north
2018-06-14,2018,6,14,1668.0,south
2018-06-14,2018,6,14,1599.0,east
2018-06-14,2018,6,14,1593.0,west
2018-06-15,2018,6,15,1623.0,north
2018-06-15,2018,6,15,1737.0,south
2018-06-15,2018,6,15,1593.0,east
2018-06-15,2018,6,15,1788.0,west
2018-06-16,2018,6,16,1659.0,north
2018-06-16,2018,6,16,1641.0,south
2018-06-16,2018,6,16,1575.0,east
2018-06-16,2018,6,16,1611.0,west
2018-06-17,2018,6,17,1599.0,north
2018-06-17,2018,6,17,1530.0,south
2018-06-17,2018,6,17,1608.0,east
2018-06-17,2018,6,17,1626.0,west
2018-06-18,2018,6,18,1530.0,north
2018-06-18,2018,6,18,1707.0,south
2018-06-18,2018,6,18,1611.0,east
2018-06-18,2018,6,18,1635.0,west
2018-06-19,2018,6,19,1593.0,north
2018-06-19,2018,6,19,1749.0,south
2018-06-19,2018,6,19,1623.0,east
2018-06-19,2018,6,19,1608.0,west
2018-06-20,2018,6,20,1665.0,north
2018-06-20,2018,6,20,1659.0,south
2018-06-20,2018,6,20,1734.0,east
2018-06-20,2018,6,20,1557.0,west
2018-06-21,2018,6,21,1797.0,north
2018-06-21,2018,6,21,1587.0,south
2018-06-21,2018,6,21,1557.0,east
2018-06-21,2018,6,21,1542.0,west
2018-06-22,2018,6,22,1743.0,north
2018-06-22,2018,6,22,1797.0,south
2018-06-22,2018,6,22,1686.0,east
2018-06-22,2018,6,22,1683.0,west
2018-06-23,2018,6,23,1791.0,north
2018-06-23,2018,6,23,1554.0,south
2018-06-23,2018,6,23,1695.0,east
2018-06-23,2018,6,23,1566.0,west
2018-06-24,2018,6,24,1563.0,north
2018-06-24,2018,6,24,1623.0,south
2018-06-24,2018,6,24,1530.0,east
2018-06-24,2018,6,24,1662.0,west
2018-06-25,2018,6,25,1650.0,north
2018-06-25,2018,6,25,1602.0,south
2018-06-25,2018,6,25,1548.0,east
2018-06-25,2018,6,25,1623.0,west
2018-06-26,2018,6,26,1728.0,north
2018-06-26,2018,6,26,1533.0,south
2018-06-26,2018,6,26,1503.0,east
2018-06-26,2018,6,26,1629.0,west
2018-06-27,2018,6,27,1581.0,north
2018-06-27,2018,6,27,1659.0,south
2018-06-27,2018,6,27,1707.0,east
2018-06-27,2018,6,27,1665.0,west
2018-06-28,2018,6,28,1563.0,north
2018-06-28,2018,6,28,1638.0,south
2018-06-28,2018,6,28,1692.0,east
2018-06-28,2018,6,28,1503.0,west
2018-06-29,2018,6,29,1686.0,north
2018-06-29,2018,6,29,1764.0,south
2018-06-29,2018,6,29,1629.0,east
2018-06-29,2018,6,29,1779.0,west
2018-06-30,2018,6,30,1554.0,north
2018-06-30,2018,6,30,1653.0,south
2018-06-30,2018,6,30,1515.0,east
2018-06-30,2018,6,30,1557.0,west
2018-07-01,2018,7,1,1746.0,north
2018-07-01,2018,7,1,1671.0,south
2018-07-01,2018,7,1,1716.0,east
2018-07-01,2018,7,1,1554.0,west
2018-07-02,2018,7,2,1695.0,north
2018-07-02,2018,7,2,1611.0,south
2018-07-02,2018,7,2,1680.0,east
2018-07-02,2018,7,2,1671.0,west
2018-07-03,2018,7,3,1644.0,north
2018-07-03,2018,7,3,1638.0,south
2018-07-03,2018,7,3,1623.0,east
2018-07-03,2018,7,3,1515.0,west
2018-07-04,2018,7,4,1743.0,north
2018-07-04,2018,7,4,1587.0,south
2018-07-04,2018,7,4,1764.0,east
2018-07-04,2018,7,4,1572.0,west
2018-07-05,2018,7,5,1752.0,north
2018-07-05,2018,7,5,1647.0,south
2018-07-05,2018,7,5,1575.0,east
2018-07-05,2018,7,5,1500.0,west
2018-07-06,2018,7,6,1743.0,north
2018-07-06,2018,7,6,1566.0,south
2018-07-06,2018,7,6,1758.0,east
2018-07-06,2018,7,6,1689.0,west
2018-07-07,2018,7,7,1776.0,north
2018-07-07,2018,7,7,1770.0,south
2018-07-07,2018,7,7,1695.0,east
2018-07-07,2018,7,7,1566.0,west
2018-07-08,2018,7,8,1623.0,north
2018-07-08,2018,7,8,1776.0,south
2018-07-08,2018,7,8,1515.0,east
2018-07-08,2018,7,8,1761.0,west
2018-07-09,2018,7,9,1623.0,north
2018-07-09,2018,7,9,1788.0,south
2018-07-09,2018,7,9,1542.0,east
2018-07-09,2018,7,9,1515.0,west
2018-07-10,2018,7,10,1794.0,north
2018-07-10,2018,7,10,1794.0,south
2018-07-10,2018,7,10,1755.0,east
2018-07-10,2018,7,10,1761.0,west
2018-07-11,2018,7,11,1605.0,north
2018-07-11,2018,7,11,1569.0,south
2018-07-11,2018,7,11,1638.0,east
2018-07-11,2018,7,11,1677.0,west
2018-07-12,2018,7,12,1593.0,north
2018-07-12,2018,7,12,1500.0,south
2018-07-12,2018,7,12,1539.0,east
2018-07-12,2018,7,12,1719.0,west
2018-07-13,2018,7,13,1749.0,north
2018-07-13,2018,7,13,1596.0,south
2018-07-13,2018,7,13,1680.0,east
2018-07-13,2018,7,13,1509.0,west
2018-07-14,2018,7,14,1500.0,north
2018-07-14,2018,7,14,1653.0,south
2018-07-14,2018,7,14,1620.0,east
2018-07-14,2018,7,14,1575.0,west
2018-07-15,2018,7,15,1737.0,north
2018-07-15,2018,7,15,1713.0,south
2018-07-15,2018,7,15,1698.0,east
2018-07-15,2018,7,15,1539.0,west
2018-07-16,2018,7,16,1773.0,north
2018-07-16,2018,7,16,1707.0,south
2018-07-16,2018,7,16,1554.0,east
2018-07-16,2018,7,16,1515.0,west
2018-07-17,2018,7,17,1551.0,north
2018-07-17,2018,7,17,1566.0,south
2018-07-17,2018,7,17,1788.0,east
2018-07-17,2018,7,17,1614.0,west
2018-07-18,2018,7,18,1704.0,north
2018-07-18,2018,7,18,1656.0,south
2018-07-18,2018,7,18,1530.0,east
2018-07-18,2018,7,18,1659.0,west
2018-07-19,2018,7,19,1620.0,north
2018-07-19,2018,7,19,1725.0,south
2018-07-19,2018,7,19,1704.0,east
2018-07-19,2018,7,19,1527.0,west
2018-07-20,2018,7,20,1731.0,north
2018-07-20,2018,7,20,1761.0,south
2018-07-20,2018,7,20,1644.0,east
2018-07-20,2018,7,20,1653.0,west
2018-07-21,2018,7,21,1725.0,north
2018-07-21,2018,7,21,1698.0,south
2018-07-21,2018,7,21,1662.0,east
2018-07-21,2018,7,21,1656.0,west
2018-07-22,2018,7,22,1608.0,north
2018-07-22,2018,7,22,1773.0,south
2018-07-22,2018,7,22,1659.0,east
2018-07-22,2018,7,22,1647.0,west
2018-07-23,2018,7,23,1638.0,north
2018-07-23,2018,7,23,1623.0,south
2018-07-23,2018,7,23,1719.0,east
2018-07-23,2018,7,23,1629.0,west
2018-07-24,2018,7,24,1701.0,north
2018-07-24,2018,7,24,1725.0,south
2018-07-24,2018,7,24,1752.0,east
2018-07-24,2018,7,24,1557.0,west
2018-07-25,2018,7,25,1500.0,north
2018-07-25,2018,7,25,1707.0,south
2018-07-25,2018,7,25,1533.0,east
2018-07-25,2018,7,25,1737.0,west
2018-07-26,2018,7,26,1605.0,north
2018-07-26,2018,7,26,1767.0,south
2018-07-26,2018,7,26,1551.0,east
2018-07-26,2018,7,26,1521.0,west
2018-07-27,2018,7,27,1659.0,north
2018-07-27,2018,7,27,1611.0,south
2018-07-27,2018,7,27,1695.0,east
2018-07-27,2018,7,27,1632.0,west
2018-07-28,2018,7,28,1515.0,north
2018-07-28,2018,7,28,1584.0,south
2018-07-28,2018,7,28,1596.0,east
2018-07-28,2018,7,28,1743.0,west
2018-07-29,2018,7,29,1791.0,north
2018-07-29,2018,7,29,1599.0,south
2018-07-29,2018,7,29,1749.0,east
2018-07-29,2018,7,29,1755.0,west
2018-07-30,2018,7,30,1755.0,north
2018-07-30,2018,7,30,1662.0,south
2018-07-30,2018,7,30,1509.0,east
2018-07-30,2018,7,30,1776.0,west
2018-07-31,2018,7,31,1695.0,north
2018-07-31,2018,7,31,1707.0,south
2018-07-31,2018,7,31,1548.0,east
2018-07-31,2018,7,31,1578.0,west
2018-08-01,2018,8,1,1563.0,north
2018-08-01,2018,8,1,1674.0,south
2018-08-01,2018,8,1,1554.0,east
2018-08-01,2018,8,1,1665.0,west
2018-08-02,2018,8,2,1527.0,north
2018-08-02,2018,8,2,1617.0,south
2018-08-02,2018,8,2,1548.0,east
2018-08-02,2018,8,2,1671.0,west
2018-08-03,2018,8,3,1668.0,north
2018-08-03,2018,8,3,1671.0,south
2018-08-03,2018,8,3,1719.0,east
2018-08-03,2018,8,3,1668.0,west
2018-08-04,2018,8,4,1536.0,north
2018-08-04,2018,8,4,1734.0,south
2018-08-04,2018,8,4,1743.0,east
2018-08-04,2018,8,4,1776.0,west
2018-08-05,2018,8,5,1650.0,north
2018-08-05,2018,8,5,1599.0,south
2018-08-05,2018,8,5,1614.0,east
2018-08-05,2018,8,5,1773.0,west
2018-08-06,2018,8,6,1611.0,north
2018-08-06,2018,8,6,1605.0,south
2018-08-06,2018,8,6,1554.0,east
2018-08-06,2018,8,6,1788.0,west
2018-08-07,2018,8,7,1566.0,north
2018-08-07,2018,8,7,1560.0,south
2018-08-07,2018,8,7,1551.0,east
2018-08-07,2018,8,7,1626.0,west
2018-08-08,2018,8,8,1665.0,north
2018-08-08,2018,8,8,1539.0,south
2018-08-08,2018,8,8,1506.0,east
2018-08-08,2018,8,8,1617.0,west
2018-08-09,2018,8,9,1797.0,north
2018-08-09,2018,8,9,1794.0,south
2018-08-09,2018,8,9,1620.0,east
2018-08-09,2018,8,9,1683.0,west
2018-08-10,2018,8,10,1620.0,north
2018-08-10,2018,8,10,1554.0,south
2018-08-10,2018,8,10,1701.0,east
2018-08-10,2018,8,10,1785.0,west
2018-08-11,2018,8,11,1689.0,north
2018-08-11,2018,8,11,1650.0,south
2018-08-11,2018,8,11,1533.0,east
2018-08-11,2018,8,11,1587.0,west
2018-08-12,2018,8,12,1509.0,north
2018-08-12,2018,8,12,1743.0,south
2018-08-12,2018,8,12,1719.0,east
2018-08-12,2018,8,12,1743.0,west
2018-08-13,2018,8,13,1701.0,north
2018-08-13,2018,8,13,1629.0,south
2018-08-13,2018,8,13,1638.0,east
2018-08-13,2018,8,13,1611.0,west
2018-08-14,2018,8,14,1623.0,north
2018-08-14,2018,8,14,1635.0,south
2018-08-14,2018,8,14,1716.0,east
2018-08-14,2018,8,14,1707.0,west
2018-08-15,2018,8,15,1602.0,north
2018-08-15,2018,8,15,1542.0,south
2018-08-15,2018,8,15,1800.0,east
2018-08-15,2018,8,15,1734.0,west
2018-08-16,2018,8,16,1788.0,north
2018-08-16,2018,8,16,1614.0,south
2018-08-16,2018,8,16,1743.0,east
2018-08-16,2018,8,16,1770.0,west
2018-08-17,2018,8,17,1776.0,north
2018-08-17,2018,8,17,1713.0,south
2018-08-17,2018,8,17,1623.0,east
2018-08-17,2018,8,17,1752.0,west
2018-08-18,2018,8,18,1527.0,north
2018-08-18,2018,8,18,1776.0,south
2018-08-18,2018,8,18,1689.0,east
2018-08-18,2018,8,18,1713.0,west
2018-08-19,2018,8,19,1509.0,north
2018-08-19,2018,8,19,1575.0,south
2018-08-19,2018,8,19,1701.0,east
2018-08-19,2018,8,19,1575.0,west
2018-08-20,2018,8,20,1581.0,north
2018-08-20,2018,8,20,1779.0,south
2018-08-20,2018,8,20,1662.0,east
2018-08-20,2018,8,20,1506.0,west
2018-08-21,2018,8,21,1794.0,north
2018-08-21,2018,8,21,1659.0,south
2018-08-21,2018,8,21,1644.0,east
2018-08-21,2018,8,21,1707.0,west
2018-08-22,2018,8,22,1704.0,north
2018-08-22,2018,8,22,1500.0,south
2018-08-22,2018,8,22,1539.0,east
2018-08-22,2018,8,22,1800.0,west
2018-08-23,2018,8,23,1557.0,north
2018-08-23,2018,8,23,1554.0,south
2018-08-23,2018,8,23,1788.0,east
2018-08-23,2018,8,23,1563.0,west
2018-08-24,2018,8,24,1548.0,north
2018-08-24,2018,8,24,1560.0,south
2018-08-24,2018,8,24,1734.0,east
2018-08-24,2018,8,24,1644.0,west
2018-08-25,2018,8,25,1629.0,north
2018-08-25,2018,8,25,1677.0,south
2018-08-25,2018,8,25,1764.0,east
2018-08-25,2018,8,25,1515.0,west
2018-08-26,2018,8,26,1542.0,north
2018-08-26,2018,8,26,1545.0,south
2018-08-26,2018,8,26,1668.0,east
2018-08-26,2018,8,26,1584.0,west
2018-08-27,2018,8,27,1605.0,north
2018-08-27,2018,8,27,1740.0,south
2018-08-27,2018,8,27,1602.0,east
2018-08-27,2018,8,27,1509.0,west
2018-08-28,2018,8,28,1566.0,north
2018-08-28,2018,8,28,1680.0,south
2018-08-28,2018,8,28,1656.0,east
2018-08-28,2018,8,28,1722.0,west
2018-08-29,2018,8,29,1662.0,north
2018-08-29,2018,8,29,1794.0,south
2018-08-29,2018,8,29,1734.0,east
2018-08-29,2018,8,29,1647.0,west
2018-08-30,2018,8,30,1635.0,north
2018-08-30,2018,8,30,1743.0,south
2018-08-30,2018,8,30,1665.0,east
2018-08-30,2018,8,30,1770.0,west
2018-08-31,2018,8,31,1749.0,north
2018-08-31,2018,8,31,1695.0,south
2018-08-31,2018,8,31,1644.0,east
2018-08-31,2018,8,31,1602.0,west
2018-09-01,2018,9,1,1560.0,north
2018-09-01,2018,9,1,1500.0,south
2018-09-01,2018,9,1,1719.0,east
2018-09-01,2018,9,1,1557.0,west
2018-09-02,2018,9,2,1527.0,north
2018-09-02,2018,9,2,1653.0,south
2018-09-02,2018,9,2,1506.0,east
2018-09-02,2018,9,2,1575.0,west
2018-09-03,2018,9,3,1749.0,north
2018-09-03,2018,9,3,1770.0,south
2018-09-03,2018,9,3,1674.0,east
2018-09-03,2018,9,3,1650.0,west
2018-09-04,2018,9,4,1794.0,north
2018-09-04,2018,9,4,1509.0,south
2018-09-04,2018,9,4,1785.0,east
2018-09-04,2018,9,4,1539.0,west
2018-09-05,2018,9,5,1731.0,north
2018-09-05,2018,9,5,1617.0,south
2018-09-05,2018,9,5,1656.0,east
2018-09-05,2018,9,5,1599.0,west
2018-09-06,2018,9,6,1713.0,north
2018-09-06,2018,9,6,1506.0,south
2018-09-06,2018,9,6,1758.0,east
2018-09-06,2018,9,6,1650.0,west
2018-09-07,2018,9,7,1791.0,north
2018-09-07,2018,9,7,1623.0,south
2018-09-07,2018,9,7,1776.0,east
2018-09-07,2018,9,7,1653.0,west
2018-09-08,2018,9,8,1659.0,north
2018-09-08,2018,9,8,1755.0,south
2018-09-08,2018,9,8,1533.0,east
2018-09-08,2018,9,8,1557.0,west
2018-09-09,2018,9,9,1527.0,north
2018-09-09,2018,9,9,1614.0,south
2018-09-09,2018,9,9,1638.0,east
2018-09-09,2018,9,9,1704.0,west
2018-09-10,2018,9,10,1650.0,north
2018-09-10,2018,9,10,1656.0,south
2018-09-10,2018,9,10,1782.0,east
2018-09-10,2018,9,10,1527.0,west
2018-09-11,2018,9,11,1578.0,north
2018-09-11,2018,9,11,1767.0,south
2018-09-11,2018,9,11,1749.0,east
2018-09-11,2018,9,11,1524.0,west
2018-09-12,2018,9,12,1719.0,north
2018-09-12,2018,9,12,1695.0,south
2018-09-12,2018,9,12,1740.0,east
2018-09-12,2018,9,12,1533.0,west
2018-09-13,2018,9,13,1653.0,north
2018-09-13,2018,9,13,1560.0,south
2018-09-13,2018,9,13,1677.0,east
2018-09-13,2018,9,13,1539.0,west
2018-09-14,2018,9,14,1713.0,north
2018-09-14,2018,9,14,1554.0,south
2018-09-14,2018,9,14,1743.0,east
2018-09-14,2018,9,14,1701.0,west
2018-09-15,2018,9,15,1587.0,north
2018-09-15,2018,9,15,1512.0,south
2018-09-15,2018,9,15,1698.0,east
2018-09-15,2018,9,15,1746.0,west
2018-09-16,2018,9,16,1554.0,north
2018-09-16,2018,9,16,1554.0,south
2018-09-16,2018,9,16,1782.0,east
2018-09-16,2018,9,16,1782.0,west
2018-09-17,2018,9,17,1764.0,north
2018-09-17,2018,9,17,1620.0,south
2018-09-17,2018,9,17,1545.0,east
2018-09-17,2018,9,17,1722.0,west
2018-09-18,2018,9,18,1503.0,north
2018-09-18,2018,9,18,1530.0,south
2018-09-18,2018,9,18,1737.0,east
2018-09-18,2018,9,18,1692.0,west
2018-09-19,2018,9,19,1542.0,north
2018-09-19,2018,9,19,1758.0,south
2018-09-19,2018,9,19,1779.0,east
2018-09-19,2018,9,19,1593.0,west
2018-09-20,2018,9,20,1686.0,north
2018-09-20,2018,9,20,1749.0,south
2018-09-20,2018,9,20,1662.0,east
2018-09-20,2018,9,20,1569.0,west
2018-09-21,2018,9,21,1590.0,north
2018-09-21,2018,9,21,1665.0,south
2018-09-21,2018,9,21,1716.0,east
2018-09-21,2018,9,21,1704.0,west
2018-09-22,2018,9,22,1632.0,north
2018-09-22,2018,9,22,1581.0,south
2018-09-22,2018,9,22,1758.0,east
2018-09-22,2018,9,22,1641.0,west
2018-09-23,2018,9,23,1731.0,north
2018-09-23,2018,9,23,1677.0,south
2018-09-23,2018,9,23,1728.0,east
2018-09-23,2018,9,23,1755.0,west
2018-09-24,2018,9,24,1611.0,north
2018-09-24,2018,9,24,1593.0,south
2018-09-24,2018,9,24,1797.0,east
2018-09-24,2018,9,24,1560.0,west
2018-09-25,2018,9,25,1530.0,north
2018-09-25,2018,9,25,1770.0,south
2018-09-25,2018,9,25,1611.0,east
2018-09-25,2018,9,25,1701.0,west
2018-09-26,2018,9,26,1617.0,north
2018-09-26,2018,9,26,1515.0,south
2018-09-26,2018,9,26,1713.0,east
2018-09-26,2018,9,26,1500.0,west
2018-09-27,2018,9,27,1632.0,north
2018-09-27,2018,9,27,1713.0,south
2018-09-27,2018,9,27,1743.0,east
2018-09-27,2018,9,27,1587.0,west
2018-09-28,2018,9,28,1749.0,north
2018-09-28,2018,9,28,1533.0,south
2018-09-28,2018,9,28,1653.0,east
2018-09-28,2018,9,28,1512.0,west
2018-09-29,2018,9,29,1518.0,north
2018-09-29,2018,9,29,1623.0,south
2018-09-29,2018,9,29,1701.0,east
2018-09-29,2018,9,29,1596.0,west
2018-09-30,2018,9,30,1746.0,north
2018-09-30,2018,9,30,1536.0,south
2018-09-30,2018,9,30,1659.0,east
2018-09-30,2018,9,30,1524.0,west
2018-10-01,2018,10,1,1782.0,north
2018-10-01,2018,10,1,1632.0,south
2018-10-01,2018,10,1,1755.0,east
2018-10-01,2018,10,1,1650.0,west
2018-10-02,2018,10,2,1680.0,north
2018-10-02,2018,10,2,1701.0,south
2018-10-02,2018,10,2,1800.0,east
2018-10-02,2018,10,2,1740.0,west
2018-10-03,2018,10,3,1563.0,north
2018-10-03,2018,10,3,1788.0,south
2018-10-03,2018,10,3,1536.0,east
2018-10-03,2018,10,3,1764.0,west
2018-10-04,2018,10,4,1512.0,north
2018-10-04,2018,10,4,1560.0,south
2018-10-04,2018,10,4,1626.0,east
2018-10-04,2018,10,4,1797.0,west
2018-10-05,2018,10,5,1779.0,north
2018-10-05,2018,10,5,1683.0,south
2018-10-05,2018,10,5,1713.0,east
2018-10-05,2018,10,5,1794.0,west
2018-10-06,2018,10,6,1584.0,north
2018-10-06,2018,10,6,1647.0,south
2018-10-06,2018,10,6,1596.0,east
2018-10-06,2018,10,6,1515.0,west
2018-10-07,2018,10,7,1533.0,north
2018-10-07,2018,10,7,1608.0,south
2018-10-07,2018,10,7,1794.0,east
2018-10-07,2018,10,7,1578.0,west
2018-10-08,2018,10,8,1701.0,north
2018-10-08,2018,10,8,1617.0,south
2018-10-08,2018,10,8,1779.0,east
2018-10-08,2018,10,8,1785.0,west
2018-10-09,2018,10,9,1680.0,north
2018-10-09,2018,10,9,1590.0,south
2018-10-09,2018,10,9,1551.0,east
2018-10-09,2018,10,9,1587.0,west
2018-10-10,2018,10,10,1749.0,north
2018-10-10,2018,10,10,1701.0,south
2018-10-10,2018,10,10,1599.0,east
2018-10-10,2018,10,10,1506.0,west
2018-10-11,2018,10,11,1596.0,north
2018-10-11,2018,10,11,1800.0,south
2018-10-11,2018,10,11,1749.0,east
2018-10-11,2018,10,11,1674.0,west
2018-10-12,2018,10,12,1782.0,north
2018-10-12,2018,10,12,1647.0,south
2018-10-12,2018,10,12,1542.0,east
2018-10-12,2018,10,12,1656.0,west
2018-10-13,2018,10,13,1581.0,north
2018-10-13,2018,10,13,1713.0,south
2018-10-13,2018,10,13,1722.0,east
2018-10-13,2018,10,13,1686.0,west
2018-10-14,2018,10,14,1728.0,north
2018-10-14,2018,10,14,1755.0,south
2018-10-14,2018,10,14,1503.0,east
2018-10-14,2018,10,14,1602.0,west
2018-10-15,2018,10,15,1605.0,north
2018-10-15,2018,10,15,1719.0,south
2018-10-15,2018,10,15,1548.0,east
2018-10-15,2018,10,15,1626.0,west
2018-10-16,2018,10,16,1551.0,north
2018-10-16,2018,10,16,1662.0,south
2018-10-16,2018,10,16,1650.0,east
2018-10-16,2018,10,16,1788.0,west
2018-10-17,2018,10,17,1536.0,north
2018-10-17,2018,10,17,1551.0,south
2018-10-17,2018,10,17,1656.0,east
2018-10-17,2018,10,17,1644.0,west
2018-10-18,2018,10,18,1692.0,north
2018-10-18,2018,10,18,1518.0,south
2018-10-18,2018,10,18,1509.0,east
2018-10-18,2018,10,18,1674.0,west
2018-10-19,2018,10,19,1521.0,north
2018-10-19,2018,10,19,1632.0,south
2018-10-19,2018,10,19,1794.0,east
2018-10-19,2018,10,19,1689.0,west
2018-10-20,2018,10,20,1692.0,north
2018-10-20,2018,10,20,1662.0,south
2018-10-20,2018,10,20,1776.0,east
2018-10-20,2018,10,20,1710.0,west
2018-10-21,2018,10,21,1569.0,north
2018-10-21,2018,10,21,1704.0,south
2018-10-21,2018,10,21,1767.0,east
2018-10-21,2018,10,21,1767.0,west
2018-10-22,2018,10,22,1542.0,north
2018-10-22,2018,10,22,1707.0,south
2018-10-22,2018,10,22,1578.0,east
2018-10-22,2018,10,22,1521.0,west
2018-10-23,2018,10,23,1764.0,north
2018-10-23,2018,10,23,1683.0,south
2018-10-23,2018,10,23,1602.0,east
2018-10-23,2018,10,23,1755.0,west
2018-10-24,2018,10,24,1650.0,north
2018-10-24,2018,10,24,1629.0,south
2018-10-24,2018,10,24,1692.0,east
2018-10-24,2018,10,24,1542.0,west
2018-10-25,2018,10,25,1629.0,north
2018-10-25,2018,10,25,1587.0,south
2018-10-25,2018,10,25,1635.0,east
2018-10-25,2018,10,25,1653.0,west
2018-10-26,2018,10,26,1596.0,north
2018-10-26,2018,10,26,1524.0,south
2018-10-26,2018,10,26,1545.0,east
2018-10-26,2018,10,26,1707.0,west
2018-10-27,2018,10,27,1509.0,north
2018-10-27,2018,10,27,1509.0,south
2018-10-27,2018,10,27,1686.0,east
2018-10-27,2018,10,27,1785.0,west
2018-10-28,2018,10,28,1635.0,north
2018-10-28,2018,10,28,1752.0,south
2018-10-28,2018,10,28,1785.0,east
2018-10-28,2018,10,28,1755.0,west
2018-10-29,2018,10,29,1707.0,north
2018-10-29,2018,10,29,1701.0,south
2018-10-29,2018,10,29,1599.0,east
2018-10-29,2018,10,29,1782.0,west
2018-10-30,2018,10,30,1677.0,north
2018-10-30,2018,10,30,1719.0,south
2018-10-30,2018,10,30,1530.0,east
2018-10-30,2018,10,30,1776.0,west
2018-10-31,2018,10,31,1674.0,north
2018-10-31,2018,10,31,1641.0,south
2018-10-31,2018,10,31,1596.0,east
2018-10-31,2018,10,31,1506.0,west
2018-11-01,2018,11,1,1692.0,north
2018-11-01,2018,11,1,1623.0,south
2018-11-01,2018,11,1,1593.0,east
2018-11-01,2018,11,1,1551.0,west
2018-11-02,2018,11,2,1728.0,north
2018-11-02,2018,11,2,1608.0,south
2018-11-02,2018,11,2,1530.0,east
2018-11-02,2018,11,2,1791.0,west
2018-11-03,2018,11,3,1704.0,north
2018-11-03,2018,11,3,1653.0,south
2018-11-03,2018,11,3,1548.0,east
2018-11-03,2018,11,3,1626.0,west
2018-11-04,2018,11,4,1695.0,north
2018-11-04,2018,11,4,1590.0,south
2018-11-04,2018,11,4,1530.0,east
2018-11-04,2018,11,4,1644.0,west
2018-11-05,2018,11,5,1611.0,north
2018-11-05,2018,11,5,1617.0,south
2018-11-05,2018,11,5,1776.0,east
2018-11-05,2018,11,5,1641.0,west
2018-11-06,2018,11,6,1740.0,north
2018-11-06,2018,11,6,1590.0,south
2018-11-06,2018,11,6,1773.0,east
2018-11-06,2018,11,6,1641.0,west
2018-11-07,2018,11,7,1527.0,north
2018-11-07,2018,11,7,1755.0,south
2018-11-07,2018,11,7,1650.0,east
2018-11-07,2018,11,7,1593.0,west
2018-11-08,2018,11,8,1548.0,north
2018-11-08,2018,11,8,1623.0,south
2018-11-08,2018,11,8,1500.0,east
2018-11-08,2018,11,8,1569.0,west
2018-11-09,2018,11,9,1647.0,north
2018-11-09,2018,11,9,1662.0,south
2018-11-09,2018,11,9,1710.0,east
2018-11-09,2018,11,9,1719.0,west
2018-11-10,2018,11,10,1590.0,north
2018-11-10,2018,11,10,1539.0,south
2018-11-10,2018,11,10,1566.0,east
2018-11-10,2018,11,10,1770.0,west
2018-11-11,2018,11,11,1722.0,north
2018-11-11,2018,11,11,1524.0,south
2018-11-11,2018,11,11,1641.0,east
2018-11-11,2018,11,11,1662.0,west
2018-11-12,2018,11,12,1716.0,north
2018-11-12,2018,11,12,1611.0,south
2018-11-12,2018,11,12,1569.0,east
2018-11-12,2018,11,12,1797.0,west
2018-11-13,2018,11,13,1698.0,north
2018-11-13,2018,11,13,1581.0,south
2018-11-13,2018,11,13,1776.0,east
2018-11-13,2018,11,13,1644.0,west
2018-11-14,2018,11,14,1563.0,north
2018-11-14,2018,11,14,1707.0,south
2018-11-14,2018,11,14,1533.0,east
2018-11-14,2018,11,14,1572.0,west
2018-11-15,2018,11,15,1623.0,north
2018-11-15,2018,11,15,1698.0,south
2018-11-15,2018,11,15,1521.0,east
2018-11-15,2018,11,15,1707.0,west
2018-11-16,2018,11,16,1587.0,north
2018-11-16,2018,11,16,1776.0,south
2018-11-16,2018,11,16,1662.0,east
2018-11-16,2018,11,16,1578.0,west
2018-11-17,2018,11,17,1554.0,north
2018-11-17,2018,11,17,1515.0,south
2018-11-17,2018,11,17,1602.0,east
2018-11-17,2018,11,17,1557.0,west
2018-11-18,2018,11,18,1521.0,north
2018-11-18,2018,11,18,1740.0,south
2018-11-18,2018,11,18,1617.0,east
2018-11-18,2018,11,18,1647.0,west
2018-11-19,2018,11,19,1551.0,north
2018-11-19,2018,11,19,1500.0,south
2018-11-19,2018,11,19,1725.0,east
2018-11-19,2018,11,19,1563.0,west
2018-11-20,2018,11,20,1791.0,north
2018-11-20,2018,11,20,1578.0,south
2018-11-20,2018,11,20,1632.0,east
2018-11-20,2018,11,20,1674.0,west
2018-11-21,2018,11,21,1617.0,north
2018-11-21,2018,11,21,1509.0,south
2018-11-21,2018,11,21,1644.0,east
2018-11-21,2018,11,21,1542.0,west
2018-11-22,2018,11,22,1650.0,north
2018-11-22,2018,11,22,1758.0,south
2018-11-22,2018,11,22,1710.0,east
2018-11-22,2018,11,22,1737.0,west
2018-11-23,2018,11,23,1779.0,north
2018-11-23,2018,11,23,1743.0,south
2018-11-23,2018,11,23,1560.0,east
2018-11-23,2018,11,23,1719.0,west
2018-11-24,2018,11,24,1689.0,north
2018-11-24,2018,11,24,1605.0,south
2018-11-24,2018,11,24,1683.0,east
2018-11-24,2018,11,24,1518.0,west
2018-11-25,2018,11,25,1665.0,north
2018-11-25,2018,11,25,1671.0,south
2018-11-25,2018,11,25,1704.0,east
2018-11-25,2018,11,25,1731.0,west
2018-11-26,2018,11,26,1653.0,north
2018-11-26,2018,11,26,1542.0,south
2018-11-26,2018,11,26,1659.0,east
2018-11-26,2018,11,26,1650.0,west
2018-11-27,2018,11,27,1773.0,north
2018-11-27,2018,11,27,1647.0,south
2018-11-27,2018,11,27,1725.0,east
2018-11-27,2018,11,27,1644.0,west
2018-11-28,2018,11,28,1767.0,north
2018-11-28,2018,11,28,1728.0,south
2018-11-28,2018,11,28,1719.0,east
2018-11-28,2018,11,28,1677.0,west
2018-11-29,2018,11,29,1686.0,north
2018-11-29,2018,11,29,1527.0,south
2018-11-29,2018,11,29,1689.0,east
2018-11-29,2018,11,29,1686.0,west
2018-11-30,2018,11,30,1641.0,north
2018-11-30,2018,11,30,1665.0,south
2018-11-30,2018,11,30,1755.0,east
2018-11-30,2018,11,30,1551.0,west
2018-12-01,2018,12,1,1665.0,north
2018-12-01,2018,12,1,1527.0,south
2018-12-01,2018,12,1,1536.0,east
2018-12-01,2018,12,1,1656.0,west
2018-12-02,2018,12,2,1563.0,north
2018-12-02,2018,12,2,1554.0,south
2018-12-02,2018,12,2,1602.0,east
2018-12-02,2018,12,2,1737.0,west
2018-12-03,2018,12,3,1506.0,north
2018-12-03,2018,12,3,1755.0,south
2018-12-03,2018,12,3,1572.0,east
2018-12-03,2018,12,3,1608.0,west
2018-12-04,2018,12,4,1722.0,north
2018-12-04,2018,12,4,1788.0,south
2018-12-04,2018,12,4,1788.0,east
2018-12-04,2018,12,4,1587.0,west
2018-12-05,2018,12,5,1677.0,north
2018-12-05,2018,12,5,1725.0,south
2018-12-05,2018,12,5,1731.0,east
2018-12-05,2018,12,5,1518.0,west
2018-12-06,2018,12,6,1737.0,north
2018-12-06,2018,12,6,1797.0,south
2018-12-06,2018,12,6,1662.0,east
2018-12-06,2018,12,6,1662.0,west
2018-12-07,2018,12,7,1716.0,north
2018-12-07,2018,12,7,1596.0,south
2018-12-07,2018,12,7,1653.0,east
2018-12-07,2018,12,7,1635.0,west
2018-12-08,2018,12,8,1782.0,north
2018-12-08,2018,12,8,1773.0,south
2018-12-08,2018,12,8,1755.0,east
2018-12-08,2018,12,8,1719.0,west
2018-12-09,2018,12,9,1737.0,north
2018-12-09,2018,12,9,1548.0,south
2018-12-09,2018,12,9,1665.0,east
2018-12-09,2018,12,9,1659.0,west
2018-12-10,2018,12,10,1659.0,north
2018-12-10,2018,12,10,1575.0,south
2018-12-10,2018,12,10,1509.0,east
2018-12-10,2018,12,10,1767.0,west
2018-12-11,2018,12,11,1509.0,north
2018-12-11,2018,12,11,1527.0,south
2018-12-11,2018,12,11,1575.0,east
2018-12-11,2018,12,11,1620.0,west
2018-12-12,2018,12,12,1623.0,north
2018-12-12,2018,12,12,1623.0,south
2018-12-12,2018,12,12,1773.0,east
2018-12-12,2018,12,12,1743.0,west
2018-12-13,2018,12,13,1719.0,north
2018-12-13,2018,12,13,1782.0,south
2018-12-13,2018,12,13,1713.0,east
2018-12-13,2018,12,13,1593.0,west
2018-12-14,2018,12,14,1716.0,north
2018-12-14,2018,12,14,1686.0,south
2018-12-14,2018,12,14,1569.0,east
2018-12-14,2018,12,14,1704.0,west
2018-12-15,2018,12,15,1554.0,north
2018-12-15,2018,12,15,1545.0,south
2018-12-15,2018,12,15,1587.0,east
2018-12-15,2018,12,15,1800.0,west
2018-12-16,2018,12,16,1635.0,north
2018-12-16,2018,12,16,1620.0,south
2018-12-16,2018,12,16,1800.0,east
2018-12-16,2018,12,16,1641.0,west
2018-12-17,2018,12,17,1635.0,north
2018-12-17,2018,12,17,1527.0,south
2018-12-17,2018,12,17,1626.0,east
2018-12-17,2018,12,17,1716.0,west
2018-12-18,2018,12,18,1755.0,north
2018-12-18,2018,12,18,1755.0,south
2018-12-18,2018,12,18,1605.0,east
2018-12-18,2018,12,18,1779.0,west
2018-12-19,2018,12,19,1566.0,north
2018-12-19,2018,12,19,1566.0,south
2018-12-19,2018,12,19,1797.0,east
2018-12-19,2018,12,19,1770.0,west
2018-12-20,2018,12,20,1731.0,north
2018-12-20,2018,12,20,1551.0,south
2018-12-20,2018,12,20,1767.0,east
2018-12-20,2018,12,20,1626.0,west
2018-12-21,2018,12,21,1659.0,north
2018-12-21,2018,12,21,1710.0,south
2018-12-21,2018,12,21,1542.0,east
2018-12-21,2018,12,21,1569.0,west
2018-12-22,2018,12,22,1776.0,north
2018-12-22,2018,12,22,1578.0,south
2018-12-22,2018,12,22,1668.0,east
2018-12-22,2018,12,22,1527.0,west
2018-12-23,2018,12,23,1770.0,north
2018-12-23,2018,12,23,1623.0,south
2018-12-23,2018,12,23,1710.0,east
2018-12-23,2018,12,23,1731.0,west
2018-12-24,2018,12,24,1740.0,north
2018-12-24,2018,12,24,1632.0,south
2018-12-24,2018,12,24,1719.0,east
2018-12-24,2018,12,24,1500.0,west
2018-12-25,2018,12,25,1512.0,north
2018-12-25,2018,12,25,1605.0,south
2018-12-25,2018,12,25,1623.0,east
2018-12-25,2018,12,25,1533.0,west
2018-12-26,2018,12,26,1683.0,north
2018-12-26,2018,12,26,1734.0,south
2018-12-26,2018,12,26,1545.0,east
2018-12-26,2018,12,26,1587.0,west
2018-12-27,2018,12,27,1578.0,north
2018-12-27,2018,12,27,1650.0,south
2018-12-27,2018,12,27,1632.0,east
2018-12-27,2018,12,27,1713.0,west
2018-12-28,2018,12,28,1650.0,north
2018-12-28,2018,12,28,1794.0,south
2018-12-28,2018,12,28,1764.0,east
2018-12-28,2018,12,28,1797.0,west
2018-12-29,2018,12,29,1626.0,north
2018-12-29,2018,12,29,1794.0,south
2018-12-29,2018,12,29,1695.0,east
2018-12-29,2018,12,29,1740.0,west
2018-12-30,2018,12,30,1758.0,north
2018-12-30,2018,12,30,1785.0,south
2018-12-30,2018,12,30,1599.0,east
2018-12-30,2018,12,30,1689.0,west
2018-12-31,2018,12,31,1527.0,north
2018-12-31,2018,12,31,1710.0,south
2018-12-31,2018,12,31,1590.0,east
2018-12-31,2018,12,31,1653.0,west
2019-01-01,2019,1,1,1518.0,north
2019-01-01,2019,1,1,1632.0,south
2019-01-01,2019,1,1,1755.0,east
2019-01-01,2019,1,1,1551.0,west
2019-01-02,2019,1,2,1767.0,north
2019-01-02,2019,1,2,1605.0,south
2019-01-02,2019,1,2,1692.0,east
2019-01-02,2019,1,2,1794.0,west
2019-01-03,2019,1,3,1695.0,north
2019-01-03,2019,1,3,1737.0,south
2019-01-03,2019,1,3,1575.0,east
2019-01-03,2019,1,3,1509.0,west
2019-01-04,2019,1,4,1590.0,north
2019-01-04,2019,1,4,1500.0,south
2019-01-04,2019,1,4,1590.0,east
2019-01-04,2019,1,4,1638.0,west
2019-01-05,2019,1,5,1761.0,north
2019-01-05,2019,1,5,1590.0,south
2019-01-05,2019,1,5,1725.0,east
2019-01-05,2019,1,5,1551.0,west
2019-01-06,2019,1,6,1644.0,north
2019-01-06,2019,1,6,1779.0,south
2019-01-06,2019,1,6,1794.0,east
2019-01-06,2019,1,6,1638.0,west
2019-01-07,2019,1,7,1644.0,north
2019-01-07,2019,1,7,1647.0,south
2019-01-07,2019,1,7,1692.0,east
2019-01-07,2019,1,7,1623.0,west
2019-01-08,2019,1,8,1722.0,north
2019-01-08,2019,1,8,1551.0,south
2019-01-08,2019,1,8,1731.0,east
2019-01-08,2019,1,8,1701.0,west
2019-01-09,2019,1,9,1500.0,north
2019-01-09,2019,1,9,1764.0,south
2019-01-09,2019,1,9,1764.0,east
2019-01-09,2019,1,9,1635.0,west
2019-01-10,2019,1,10,1767.0,north
2019-01-10,2019,1,10,1551.0,south
2019-01-10,2019,1,10,1512.0,east
2019-01-10,2019,1,10,1686.0,west
2019-01-11,2019,1,11,1662.0,north
2019-01-11,2019,1,11,1512.0,south
2019-01-11,2019,1,11,1608.0,east
2019-01-11,2019,1,11,1611.0,west
2019-01-12,2019,1,12,1566.0,north
2019-01-12,2019,1,12,1773.0,south
2019-01-12,2019,1,12,1707.0,east
2019-01-12,2019,1,12,1752.0,west
2019-01-13,2019,1,13,1551.0,north
2019-01-13,2019,1,13,1503.0,south
2019-01-13,2019,1,13,1536.0,east
2019-01-13,2019,1,13,1728.0,west
2019-01-14,2019,1,14,1692.0,north
2019-01-14,2019,1,14,1521.0,south
2019-01-14,2019,1,14,1698.0,east
2019-01-14,2019,1,14,1791.0,west
2019-01-15,2019,1,15,1605.0,north
2019-01-15,2019,1,15,1761.0,south
2019-01-15,2019,1,15,1617.0,east
2019-01-15,2019,1,15,1503.0,west
2019-01-16,2019,1,16,1548.0,north
2019-01-16,2019,1,16,1734.0,south
2019-01-16,2019,1,16,1506.0,east
2019-01-16,2019,1,16,1533.0,west
2019-01-17,2019,1,17,1590.0,north
2019-01-17,2019,1,17,1707.0,south
2019-01-17,2019,1,17,1509.0,east
2019-01-17,2019,1,17,1653.0,west
2019-01-18,2019,1,18,1572.0,north
2019-01-18,2019,1,18,1563.0,south
2019-01-18,2019,1,18,1635.0,east
2019-01-18,2019,1,18,1734.0,west
2019-01-19,2019,1,19,1587.0,north
2019-01-19,2019,1,19,1506.0,south
2019-01-19,2019,1,19,1689.0,east
2019-01-19,2019,1,19,1701.0,west
2019-01-20,2019,1,20,1707.0,north
2019-01-20,2019,1,20,1557.0,south
2019-01-20,2019,1,20,1722.0,east
2019-01-20,2019,1,20,1629.0,west
2019-01-21,2019,1,21,1611.0,north
2019-01-21,2019,1,21,1515.0,south
2019-01-21,2019,1,21,1614.0,east
2019-01-21,2019,1,21,1593.0,west
2019-01-22,2019,1,22,1719.0,north
2019-01-22,2019,1,22,1506.0,south
2019-01-22,2019,1,22,1794.0,east
2019-01-22,2019,1,22,1731.0,west
2019-01-23,2019,1,23,1662.0,north
2019-01-23,2019,1,23,1728.0,south
2019-01-23,2019,1,23,1563.0,east
2019-01-23,2019,1,23,1662.0,west
2019-01-24,2019,1,24,1647.0,north
2019-01-24,2019,1,24,1638.0,south
2019-01-24,2019,1,24,1557.0,east
2019-01-24,2019,1,24,1518.0,west
2019-01-25,2019,1,25,1560.0,north
2019-01-25,2019,1,25,1656.0,south
2019-01-25,2019,1,25,1707.0,east
2019-01-25,2019,1,25,1767.0,west
2019-01-26,2019,1,26,1671.0,north
2019-01-26,2019,1,26,1686.0,south
2019-01-26,2019,1,26,1653.0,east
2019-01-26,2019,1,26,1647.0,west
2019-01-27,2019,1,27,1524.0,north
2019-01-27,2019,1,27,1503.0,south
2019-01-27,2019,1,27,1533.0,east
2019-01-27,2019,1,27,1785.0,west
2019-01-28,2019,1,28,1731.0,north
2019-01-28,2019,1,28,1782.0,south
2019-01-28,2019,1,28,1560.0,east
2019-01-28,2019,1,28,1782.0,west
2019-01-29,2019,1,29,1500.0,north
2019-01-29,2019,1,29,1728.0,south
2019-01-29,2019,1,29,1605.0,east
2019-01-29,2019,1,29,1614.0,west
2019-01-30,2019,1,30,1782.0,north
2019-01-30,2019,1,30,1638.0,south
2019-01-30,2019,1,30,1797.0,east
2019-01-30,2019,1,30,1641.0,west
2019-01-31,2019,1,31,1650.0,north
2019-01-31,2019,1,31,1536.0,south
2019-01-31,2019,1,31,1599.0,east
2019-01-31,2019,1,31,1740.0,west
2019-02-01,2019,2,1,1749.0,north
2019-02-01,2019,2,1,1581.0,south
2019-02-01,2019,2,1,1662.0,east
2019-02-01,2019,2,1,1509.0,west
2019-02-02,2019,2,2,1596.0,north
2019-02-02,2019,2,2,1638.0,south
2019-02-02,2019,2,2,1746.0,east
2019-02-02,2019,2,2,1611.0,west
2019-02-03,2019,2,3,1602.0,north
2019-02-03,2019,2,3,1722.0,south
2019-02-03,2019,2,3,1734.0,east
2019-02-03,2019,2,3,1749.0,west
2019-02-04,2019,2,4,1548.0,north
2019-02-04,2019,2,4,1647.0,south
2019-02-04,2019,2,4,1560.0,east
2019-02-04,2019,2,4,1542.0,west
2019-02-05,2019,2,5,1617.0,north
2019-02-05,2019,2,5,1659.0,south
2019-02-05,2019,2,5,1674.0,east
2019-02-05,2019,2,5,1524.0,west
2019-02-06,2019,2,6,1551.0,north
2019-02-06,2019,2,6,1722.0,south
2019-02-06,2019,2,6,1563.0,east
2019-02-06,2019,2,6,1692.0,west
2019-02-07,2019,2,7,1734.0,north
2019-02-07,2019,2,7,1584.0,south
2019-02-07,2019,2,7,1662.0,east
2019-02-07,2019,2,7,1545.0,west
2019-02-08,2019,2,8,1662.0,north
2019-02-08,2019,2,8,1614.0,south
2019-02-08,2019,2,8,1719.0,east
2019-02-08,2019,2,8,1788.0,west
2019-02-09,2019,2,9,1779.0,north
2019-02-09,2019,2,9,1665.0,south
2019-02-09,2019,2,9,1605.0,east
2019-02-09,2019,2,9,1641.0,west
2019-02-10,2019,2,10,1725.0,north
2019-02-10,2019,2,10,1611.0,south
2019-02-10,2019,2,10,1560.0,east
2019-02-10,2019,2,10,1575.0,west
2019-02-11,2019,2,11,1563.0,north
2019-02-11,2019,2,11,1773.0,south
2019-02-11,2019,2,11,1536.0,east
2019-02-11,2019,2,11,1551.0,west
2019-02-12,2019,2,12,1572.0,north
2019-02-12,2019,2,12,1608.0,south
2019-02-12,2019,2,12,1752.0,east
2019-02-12,2019,2,12,1734.0,west
2019-02-13,2019,2,13,1686.0,north
2019-02-13,2019,2,13,1782.0,south
2019-02-13,2019,2,13,1500.0,east
2019-02-13,2019,2,13,1731.0,west
2019-02-14,2019,2,14,1725.0,north
2019-02-14,2019,2,14,1578.0,south
2019-02-14,2019,2,14,1560.0,east
2019-02-14,2019,2,14,1644.0,west
2019-02-15,2019,2,15,1566.0,north
2019-02-15,2019,2,15,1584.0,south
2019-02-15,2019,2,15,1695.0,east
2019-02-15,2019,2,15,1734.0,west
2019-02-16,2019,2,16,1794.0,north
2019-02-16,2019,2,16,1731.0,south
2019-02-16,2019,2,16,1674.0,east
2019-02-16,2019,2,16,1599.0,west
2019-02-17,2019,2,17,1512.0,north
2019-02-17,2019,2,17,1653.0,south
2019-02-17,2019,2,17,1722.0,east
2019-02-17,2019,2,17,1641.0,west
2019-02-18,2019,2,18,1695.0,north
2019-02-18,2019,2,18,1749.0,south
2019-02-18,2019,2,18,1728.0,east
2019-02-18,2019,2,18,1764.0,west
2019-02-19,2019,2,19,1716.0,north
2019-02-19,2019,2,19,1599.0,south
2019-02-19,2019,2,19,1596.0,east
2019-02-19,2019,2,19,1644.0,west
2019-02-20,2019,2,20,1740.0,north
2019-02-20,2019,2,20,1641.0,south
2019-02-20,2019,2,20,1566.0,east
2019-02-20,2019,2,20,1656.0,west
2019-02-21,2019,2,21,1599.0,north
2019-02-21,2019,2,21,1725.0,south
2019-02-21,2019,2,21,1731.0,east
2019-02-21,2019,2,21,1719.0,west
2019-02-22,2019,2,22,1770.0,north
2019-02-22,2019,2,22,1794.0,south
2019-02-22,2019,2,22,1725.0,east
2019-02-22,2019,2,22,1713.0,west
2019-02-23,2019,2,23,1599.0,north
2019-02-23,2019,2,23,1743.0,south
2019-02-23,2019,2,23,1518.0,east
2019-02-23,2019,2,23,1614.0,west
2019-02-24,2019,2,24,1692.0,north
2019-02-24,2019,2,24,1755.0,south
2019-02-24,2019,2,24,1653.0,east
2019-02-24,2019,2,24,1524.0,west
2019-02-25,2019,2,25,1635.0,north
2019-02-25,2019,2,25,1734.0,south
2019-02-25,2019,2,25,1713.0,east
2019-02-25,2019,2,25,1578.0,west
2019-02-26,2019,2,26,1566.0,north
2019-02-26,2019,2,26,1653.0,south
2019-02-26,2019,2,26,1506.0,east
2019-02-26,2019,2,26,1656.0,west
2019-02-27,2019,2,27,1593.0,north
2019-02-27,2019,2,27,1545.0,south
2019-02-27,2019,2,27,1734.0,east
2019-02-27,2019,2,27,1635.0,west
2019-02-28,2019,2,28,1710.0,north
2019-02-28,2019,2,28,1569.0,south
2019-02-28,2019,2,28,1731.0,east
2019-02-28,2019,2,28,1599.0,west
2019-03-01,2019,3,1,1593.0,north
2019-03-01,2019,3,1,1707.0,south
2019-03-01,2019,3,1,1638.0,east
2019-03-01,2019,3,1,1539.0,west
2019-03-02,2019,3,2,1782.0,north
2019-03-02,2019,3,2,1794.0,south
2019-03-02,2019,3,2,1608.0,east
2019-03-02,2019,3,2,1689.0,west
2019-03-03,2019,3,3,1698.0,north
2019-03-03,2019,3,3,1518.0,south
2019-03-03,2019,3,3,1593.0,east
2019-03-03,2019,3,3,1611.0,west
2019-03-04,2019,3,4,1587.0,north
2019-03-04,2019,3,4,1686.0,south
2019-03-04,2019,3,4,1518.0,east
2019-03-04,2019,3,4,1632.0,west
2019-03-05,2019,3,5,1566.0,north
2019-03-05,2019,3,5,1569.0,south
2019-03-05,2019,3,5,1743.0,east
2019-03-05,2019,3,5,1557.0,west
2019-03-06,2019,3,6,1746.0,north
2019-03-06,2019,3,6,1662.0,south
2019-03-06,2019,3,6,1674.0,east
2019-03-06,2019,3,6,1608.0,west
2019-03-07,2019,3,7,1551.0,north
2019-03-07,2019,3,7,1581.0,south
2019-03-07,2019,3,7,1560.0,east
2019-03-07,2019,3,7,1674.0,west
2019-03-08,2019,3,8,1521.0,north
2019-03-08,2019,3,8,1782.0,south
2019-03-08,2019,3,8,1617.0,east
2019-03-08,2019,3,8,1797.0,west
2019-03-09,2019,3,9,1533.0,north
2019-03-09,2019,3,9,1749.0,south
2019-03-09,2019,3,9,1656.0,east
2019-03-09,2019,3,9,1644.0,west
2019-03-10,2019,3,10,1545.0,north
2019-03-10,2019,3,10,1776.0,south
2019-03-10,2019,3,10,1650.0,east
2019-03-10,2019,3,10,1737.0,west
2019-03-11,2019,3,11,1659.0,north
2019-03-11,2019,3,11,1722.0,south
2019-03-11,2019,3,11,1689.0,east
2019-03-11,2019,3,11,1692.0,west
2019-03-12,2019,3,12,1518.0,north
2019-03-12,2019,3,12,1581.0,south
2019-03-12,2019,3,12,1626.0,east
2019-03-12,2019,3,12,1668.0,west
2019-03-13,2019,3,13,1524.0,north
2019-03-13,2019,3,13,1797.0,south
2019-03-13,2019,3,13,1542.0,east
2019-03-13,2019,3,13,1653.0,west
2019-03-14,2019,3,14,1677.0,north
2019-03-14,2019,3,14,1524.0,south
2019-03-14,2019,3,14,1692.0,east
2019-03-14,2019,3,14,1704.0,west
2019-03-15,2019,3,15,1647.0,north
2019-03-15,2019,3,15,1671.0,south
2019-03-15,2019,3,15,1563.0,east
2019-03-15,2019,3,15,1650.0,west
2019-03-16,2019,3,16,1563.0,north
2019-03-16,2019,3,16,1680.0,south
2019-03-16,2019,3,16,1728.0,east
2019-03-16,2019,3,16,1680.0,west
2019-03-17,2019,3,17,1683.0,north
2019-03-17,2019,3,17,1638.0,south
2019-03-17,2019,3,17,1545.0,east
2019-03-17,2019,3,17,1671.0,west
2019-03-18,2019,3,18,1701.0,north
2019-03-18,2019,3,18,1515.0,south
2019-03-18,2019,3,18,1764.0,east
2019-03-18,2019,3,18,1668.0,west
2019-03-19,2019,3,19,1677.0,north
2019-03-19,2019,3,19,1752.0,south
2019-03-19,2019,3,19,1635.0,east
2019-03-19,2019,3,19,1605.0,west
2019-03-20,2019,3,20,1635.0,north
2019-03-20,2019,3,20,1596.0,south
2019-03-20,2019,3,20,1608.0,east
2019-03-20,2019,3,20,1779.0,west
2019-03-21,2019,3,21,1776.0,north
2019-03-21,2019,3,21,1635.0,south
2019-03-21,2019,3,21,1791.0,east
2019-03-21,2019,3,21,1779.0,west
2019-03-22,2019,3,22,1746.0,north
2019-03-22,2019,3,22,1545.0,south
2019-03-22,2019,3,22,1767.0,east
2019-03-22,2019,3,22,1731.0,west
2019-03-23,2019,3,23,1734.0,north
2019-03-23,2019,3,23,1509.0,south
2019-03-23,2019,3,23,1686.0,east
2019-03-23,2019,3,23,1797.0,west
2019-03-24,2019,3,24,1566.0,north
2019-03-24,2019,3,24,1557.0,south
2019-03-24,2019,3,24,1797.0,east
2019-03-24,2019,3,24,1755.0,west
2019-03-25,2019,3,25,1650.0,north
2019-03-25,2019,3,25,1500.0,south
2019-03-25,2019,3,25,1554.0,east
2019-03-25,2019,3,25,1734.0,west
2019-03-26,2019,3,26,1701.0,north
2019-03-26,2019,3,26,1782.0,south
2019-03-26,2019,3,26,1797.0,east
2019-03-26,2019,3,26,1557.0,west
2019-03-27,2019,3,27,1668.0,north
2019-03-27,2019,3,27,1575.0,south
2019-03-27,2019,3,27,1608.0,east
2019-03-27,2019,3,27,1527.0,west
2019-03-28,2019,3,28,1518.0,north
2019-03-28,2019,3,28,1509.0,south
2019-03-28,2019,3,28,1767.0,east
2019-03-28,2019,3,28,1557.0,west
2019-03-29,2019,3,29,1605.0,north
2019-03-29,2019,3,29,1686.0,south
2019-03-29,2019,3,29,1656.0,east
2019-03-29,2019,3,29,1653.0,west
2019-03-30,2019,3,30,1722.0,north
2019-03-30,2019,3,30,1593.0,south
2019-03-30,2019,3,30,1557.0,east
2019-03-30,2019,3,30,1710.0,west
2019-03-31,2019,3,31,1785.0,north
2019-03-31,2019,3,31,1710.0,south
2019-03-31,2019,3,31,1653.0,east
2019-03-31,2019,3,31,1572.0,west
2019-04-01,2019,4,1,1512.0,north
2019-04-01,2019,4,1,1794.0,south
2019-04-01,2019,4,1,1569.0,east
2019-04-01,2019,4,1,1608.0,west
2019-04-02,2019,4,2,1623.0,north
2019-04-02,2019,4,2,1791.0,south
2019-04-02,2019,4,2,1785.0,east
2019-04-02,2019,4,2,1629.0,west
2019-04-03,2019,4,3,1539.0,north
2019-04-03,2019,4,3,1626.0,south
2019-04-03,2019,4,3,1695.0,east
2019-04-03,2019,4,3,1518.0,west
2019-04-04,2019,4,4,1530.0,north
2019-04-04,2019,4,4,1683.0,south
2019-04-04,2019,4,4,1662.0,east
2019-04-04,2019,4,4,1632.0,west
2019-04-05,2019,4,5,1614.0,north
2019-04-05,2019,4,5,1605.0,south
2019-04-05,2019,4,5,1662.0,east
2019-04-05,2019,4,5,1713.0,west
2019-04-06,2019,4,6,1749.0,north
2019-04-06,2019,4,6,1713.0,south
2019-04-06,2019,4,6,1716.0,east
2019-04-06,2019,4,6,1557.0,west
2019-04-07,2019,4,7,1605.0,north
2019-04-07,2019,4,7,1635.0,south
2019-04-07,2019,4,7,1518.0,east
2019-04-07,2019,4,7,1632.0,west
2019-04-08,2019,4,8,1713.0,north
2019-04-08,2019,4,8,1779.0,south
2019-04-08,2019,4,8,1743.0,east
2019-04-08,2019,4,8,1575.0,west
2019-04-09,2019,4,9,1728.0,north
2019-04-09,2019,4,9,1719.0,south
2019-04-09,2019,4,9,1755.0,east
2019-04-09,2019,4,9,1617.0,west
2019-04-10,2019,4,10,1542.0,north
2019-04-10,2019,4,10,1626.0,south
2019-04-10,2019,4,10,1509.0,east
2019-04-10,2019,4,10,1638.0,west
2019-04-11,2019,4,11,1581.0,north
2019-04-11,2019,4,11,1680.0,south
2019-04-11,2019,4,11,1569.0,east
2019-04-11,2019,4,11,1635.0,west
2019-04-12,2019,4,12,1539.0,north
2019-04-12,2019,4,12,1587.0,south
2019-04-12,2019,4,12,1593.0,east
2019-04-12,2019,4,12,1581.0,west
2019-04-13,2019,4,13,1515.0,north
2019-04-13,2019,4,13,1611.0,south
2019-04-13,2019,4,13,1644.0,east
2019-04-13,2019,4,13,1794.0,west
2019-04-14,2019,4,14,1500.0,north
2019-04-14,2019,4,14,1737.0,south
2019-04-14,2019,4,14,1722.0,east
2019-04-14,2019,4,14,1764.0,west
2019-04-15,2019,4,15,1530.0,north
2019-04-15,2019,4,15,1602.0,south
2019-04-15,2019,4,15,1524.0,east
2019-04-15,2019,4,15,1770.0,west
2019-04-16,2019,4,16,1596.0,north
2019-04-16,2019,4,16,1668.0,south
2019-04-16,2019,4,16,1584.0,east
2019-04-16,2019,4,16,1713.0,west
2019-04-17,2019,4,17,1569.0,north
2019-04-17,2019,4,17,1686.0,south
2019-04-17,2019,4,17,1647.0,east
2019-04-17,2019,4,17,1509.0,west
2019-04-18,2019,4,18,1590.0,north
2019-04-18,2019,4,18,1650.0,south
2019-04-18,2019,4,18,1557.0,east
2019-04-18,2019,4,18,1575.0,west
2019-04-19,2019,4,19,1773.0,north
2019-04-19,2019,4,19,1629.0,south
2019-04-19,2019,4,19,1524.0,east
2019-04-19,2019,4,19,1512.0,west
2019-04-20,2019,4,20,1521.0,north
2019-04-20,2019,4,20,1653.0,south
2019-04-20,2019,4,20,1584.0,east
2019-04-20,2019,4,20,1713.0,west
2019-04-21,2019,4,21,1683.0,north
2019-04-21,2019,4,21,1749.0,south
2019-04-21,2019,4,21,1545.0,east
2019-04-21,2019,4,21,1629.0,west
2019-04-22,2019,4,22,1533.0,north
2019-04-22,2019,4,22,1587.0,south
2019-04-22,2019,4,22,1671.0,east
2019-04-22,2019,4,22,1650.0,west
2019-04-23,2019,4,23,1668.0,north
2019-04-23,2019,4,23,1674.0,south
2019-04-23,2019,4,23,1728.0,east
2019-04-23,2019,4,23,1518.0,west
2019-04-24,2019,4,24,1554.0,north
2019-04-24,2019,4,24,1719.0,south
2019-04-24,2019,4,24,1746.0,east
2019-04-24,2019,4,24,1665.0,west
2019-04-25,2019,4,25,1503.0,north
2019-04-25,2019,4,25,1692.0,south
2019-04-25,2019,4,25,1725.0,east
2019-04-25,2019,4,25,1764.0,west
2019-04-26,2019,4,26,1710.0,north
2019-04-26,2019,4,26,1635.0,south
2019-04-26,2019,4,26,1764.0,east
2019-04-26,2019,4,26,1758.0,west
2019-04-27,2019,4,27,1740.0,north
2019-04-27,2019,4,27,1776.0,south
2019-04-27,2019,4,27,1740.0,east
2019-04-27,2019,4,27,1620.0,west
2019-04-28,2019,4,28,1566.0,north
2019-04-28,2019,4,28,1704.0,south
2019-04-28,2019,4,28,1578.0,east
2019-04-28,2019,4,28,1503.0,west
2019-04-29,2019,4,29,1602.0,north
2019-04-29,2019,4,29,1791.0,south
2019-04-29,2019,4,29,1752.0,east
2019-04-29,2019,4,29,1800.0,west
2019-04-30,2019,4,30,1719.0,north
2019-04-30,2019,4,30,1767.0,south
2019-04-30,2019,4,30,1500.0,east
2019-04-30,2019,4,30,1623.0,west
2019-05-01,2019,5,1,1665.0,north
2019-05-01,2019,5,1,1800.0,south
2019-05-01,2019,5,1,1731.0,east
2019-05-01,2019,5,1,1542.0,west
2019-05-02,2019,5,2,1575.0,north
2019-05-02,2019,5,2,1548.0,south
2019-05-02,2019,5,2,1797.0,east
2019-05-02,2019,5,2,1521.0,west
2019-05-03,2019,5,3,1560.0,north
2019-05-03,2019,5,3,1521.0,south
2019-05-03,2019,5,3,1605.0,east
2019-05-03,2019,5,3,1740.0,west
2019-05-04,2019,5,4,1617.0,north
2019-05-04,2019,5,4,1743.0,south
2019-05-04,2019,5,4,1629.0,east
2019-05-04,2019,5,4,1749.0,west
2019-05-05,2019,5,5,1512.0,north
2019-05-05,2019,5,5,1746.0,south
2019-05-05,2019,5,5,1530.0,east
2019-05-05,2019,5,5,1611.0,west
2019-05-06,2019,5,6,1569.0,north
2019-05-06,2019,5,6,1689.0,south
2019-05-06,2019,5,6,1557.0,east
2019-05-06,2019,5,6,1560.0,west
2019-05-07,2019,5,7,1650.0,north
2019-05-07,2019,5,7,1695.0,south
2019-05-07,2019,5,7,1620.0,east
2019-05-07,2019,5,7,1644.0,west
2019-05-08,2019,5,8,1800.0,north
2019-05-08,2019,5,8,1515.0,south
2019-05-08,2019,5,8,1785.0,east
2019-05-08,2019,5,8,1650.0,west
2019-05-09,2019,5,9,1797.0,north
2019-05-09,2019,5,9,1641.0,south
2019-05-09,2019,5,9,1665.0,east
2019-05-09,2019,5,9,1767.0,west
2019-05-10,2019,5,10,1500.0,north
2019-05-10,2019,5,10,1788.0,south
2019-05-10,2019,5,10,1725.0,east
2019-05-10,2019,5,10,1557.0,west
2019-05-11,2019,5,11,1503.0,north
2019-05-11,2019,5,11,1518.0,south
2019-05-11,2019,5,11,1650.0,east
2019-05-11,2019,5,11,1614.0,west
2019-05-12,2019,5,12,1743.0,north
2019-05-12,2019,5,12,1524.0,south
2019-05-12,2019,5,12,1761.0,east
2019-05-12,2019,5,12,1743.0,west
2019-05-13,2019,5,13,1563.0,north
2019-05-13,2019,5,13,1716.0,south
2019-05-13,2019,5,13,1560.0,east
2019-05-13,2019,5,13,1614.0,west
2019-05-14,2019,5,14,1617.0,north
2019-05-14,2019,5,14,1761.0,south
2019-05-14,2019,5,14,1635.0,east
2019-05-14,2019,5,14,1614.0,west
2019-05-15,2019,5,15,1509.0,north
2019-05-15,2019,5,15,1650.0,south
2019-05-15,2019,5,15,1755.0,east
2019-05-15,2019,5,15,1569.0,west
2019-05-16,2019,5,16,1605.0,north
2019-05-16,2019,5,16,1695.0,south
2019-05-16,2019,5,16,1662.0,east
2019-05-16,2019,5,16,1605.0,west
2019-05-17,2019,5,17,1731.0,north
2019-05-17,2019,5,17,1590.0,south
2019-05-17,2019,5,17,1620.0,east
2019-05-17,2019,5,17,1752.0,west
2019-05-18,2019,5,18,1533.0,north
2019-05-18,2019,5,18,1737.0,south
2019-05-18,2019,5,18,1608.0,east
2019-05-18,2019,5,18,1662.0,west
2019-05-19,2019,5,19,1797.0,north
2019-05-19,2019,5,19,1728.0,south
2019-05-19,2019,5,19,1686.0,east
2019-05-19,2019,5,19,1650.0,west
2019-05-20,2019,5,20,1695.0,north
2019-05-20,2019,5,20,1752.0,south
2019-05-20,2019,5,20,1785.0,east
2019-05-20,2019,5,20,1668.0,west
2019-05-21,2019,5,21,1515.0,north
2019-05-21,2019,5,21,1683.0,south
2019-05-21,2019,5,21,1794.0,east
2019-05-21,2019,5,21,1533.0,west
2019-05-22,2019,5,22,1599.0,north
2019-05-22,2019,5,22,1761.0,south
2019-05-22,2019,5,22,1761.0,east
2019-05-22,2019,5,22,1722.0,west
2019-05-23,2019,5,23,1626.0,north
2019-05-23,2019,5,23,1668.0,south
2019-05-23,2019,5,23,1641.0,east
2019-05-23,2019,5,23,1740.0,west
2019-05-24,2019,5,24,1650.0,north
2019-05-24,2019,5,24,1623.0,south
2019-05-24,2019,5,24,1653.0,east
2019-05-24,2019,5,24,1773.0,west
2019-05-25,2019,5,25,1788.0,north
2019-05-25,2019,5,25,1581.0,south
2019-05-25,2019,5,25,1677.0,east
2019-05-25,2019,5,25,1569.0,west
2019-05-26,2019,5,26,1791.0,north
2019-05-26,2019,5,26,1617.0,south
2019-05-26,2019,5,26,1638.0,east
2019-05-26,2019,5,26,1542.0,west
2019-05-27,2019,5,27,1590.0,north
2019-05-27,2019,5,27,1704.0,south
2019-05-27,2019,5,27,1680.0,east
2019-05-27,2019,5,27,1527.0,west
2019-05-28,2019,5,28,1635.0,north
2019-05-28,2019,5,28,1755.0,south
2019-05-28,2019,5,28,1560.0,east
2019-05-28,2019,5,28,1533.0,west
2019-05-29,2019,5,29,1599.0,north
2019-05-29,2019,5,29,1677.0,south
2019-05-29,2019,5,29,1581.0,east
2019-05-29,2019,5,29,1680.0,west
2019-05-30,2019,5,30,1692.0,north
2019-05-30,2019,5,30,1644.0,south
2019-05-30,2019,5,30,1716.0,east
2019-05-30,2019,5,30,1761.0,west
2019-05-31,2019,5,31,1716.0,north
2019-05-31,2019,5,31,1764.0,south
2019-05-31,2019,5,31,1677.0,east
2019-05-31,2019,5,31,1605.0,west
2019-06-01,2019,6,1,1680.0,north
2019-06-01,2019,6,1,1695.0,south
2019-06-01,2019,6,1,1548.0,east
2019-06-01,2019,6,1,1689.0,west
2019-06-02,2019,6,2,1755.0,north
2019-06-02,2019,6,2,1707.0,south
2019-06-02,2019,6,2,1557.0,east
2019-06-02,2019,6,2,1644.0,west
2019-06-03,2019,6,3,1719.0,north
2019-06-03,2019,6,3,1680.0,south
2019-06-03,2019,6,3,1581.0,east
2019-06-03,2019,6,3,1749.0,west
2019-06-04,2019,6,4,1602.0,north
2019-06-04,2019,6,4,1704.0,south
2019-06-04,2019,6,4,1602.0,east
2019-06-04,2019,6,4,1554.0,west
2019-06-05,2019,6,5,1632.0,north
2019-06-05,2019,6,5,1560.0,south
2019-06-05,2019,6,5,1647.0,east
2019-06-05,2019,6,5,1560.0,west
2019-06-06,2019,6,6,1662.0,north
2019-06-06,2019,6,6,1545.0,south
2019-06-06,2019,6,6,1614.0,east
2019-06-06,2019,6,6,1746.0,west
2019-06-07,2019,6,7,1713.0,north
2019-06-07,2019,6,7,1668.0,south
2019-06-07,2019,6,7,1503.0,east
2019-06-07,2019,6,7,1758.0,west
2019-06-08,2019,6,8,1656.0,north
2019-06-08,2019,6,8,1560.0,south
2019-06-08,2019,6,8,1710.0,east
2019-06-08,2019,6,8,1677.0,west
2019-06-09,2019,6,9,1782.0,north
2019-06-09,2019,6,9,1665.0,south
2019-06-09,2019,6,9,1782.0,east
2019-06-09,2019,6,9,1797.0,west
2019-06-10,2019,6,10,1698.0,north
2019-06-10,2019,6,10,1689.0,south
2019-06-10,2019,6,10,1623.0,east
2019-06-10,2019,6,10,1767.0,west
2019-06-11,2019,6,11,1635.0,north
2019-06-11,2019,6,11,1563.0,south
2019-06-11,2019,6,11,1785.0,east
2019-06-11,2019,6,11,1521.0,west
2019-06-12,2019,6,12,1728.0,north
2019-06-12,2019,6,12,1515.0,south
2019-06-12,2019,6,12,1548.0,east
2019-06-12,2019,6,12,1677.0,west
2019-06-13,2019,6,13,1587.0,north
2019-06-13,2019,6,13,1719.0,south
2019-06-13,2019,6,13,1587.0,east
2019-06-13,2019,6,13,1773.0,west
2019-06-14,2019,6,14,1557.0,north
2019-06-14,2019,6,14,1680.0,south
2019-06-14,2019,6,14,1773.0,east
2019-06-14,2019,6,14,1509.0,west
2019-06-15,2019,6,15,1602.0,north
2019-06-15,2019,6,15,1794.0,south
2019-06-15,2019,6,15,1764.0,east
2019-06-15,2019,6,15,1785.0,west
2019-06-16,2019,6,16,1662.0,north
2019-06-16,2019,6,16,1563.0,south
2019-06-16,2019,6,16,1671.0,east
2019-06-16,2019,6,16,1533.0,west
2019-06-17,2019,6,17,1587.0,north
2019-06-17,2019,6,17,1512.0,south
2019-06-17,2019,6,17,1536.0,east
2019-06-17,2019,6,17,1566.0,west
2019-06-18,2019,6,18,1767.0,north
2019-06-18,2019,6,18,1614.0,south
2019-06-18,2019,6,18,1776.0,east
2019-06-18,2019,6,18,1728.0,west
2019-06-19,2019,6,19,1614.0,north
2019-06-19,2019,6,19,1572.0,south
2019-06-19,2019,6,19,1614.0,east
2019-06-19,2019,6,19,1734.0,west
2019-06-20,2019,6,20,1566.0,north
2019-06-20,2019,6,20,1632.0,south
2019-06-20,2019,6,20,1785.0,east
2019-06-20,2019,6,20,1770.0,west
2019-06-21,2019,6,21,1725.0,north
2019-06-21,2019,6,21,1542.0,south
2019-06-21,2019,6,21,1677.0,east
2019-06-21,2019,6,21,1533.0,west
2019-06-22,2019,6,22,1578.0,north
2019-06-22,2019,6,22,1713.0,south
2019-06-22,2019,6,22,1776.0,east
2019-06-22,2019,6,22,1515.0,west
2019-06-23,2019,6,23,1587.0,north
2019-06-23,2019,6,23,1770.0,south
2019-06-23,2019,6,23,1773.0,east
2019-06-23,2019,6,23,1671.0,west
2019-06-24,2019,6,24,1704.0,north
2019-06-24,2019,6,24,1545.0,south
2019-06-24,2019,6,24,1671.0,east
2019-06-24,2019,6,24,1800.0,west
2019-06-25,2019,6,25,1611.0,north
2019-06-25,2019,6,25,1797.0,south
2019-06-25,2019,6,25,1623.0,east
2019-06-25,2019,6,25,1776.0,west
2019-06-26,2019,6,26,1677.0,north
2019-06-26,2019,6,26,1800.0,south
2019-06-26,2019,6,26,1794.0,east
2019-06-26,2019,6,26,1686.0,west
2019-06-27,2019,6,27,1671.0,north
2019-06-27,2019,6,27,1635.0,south
2019-06-27,2019,6,27,1740.0,east
2019-06-27,2019,6,27,1671.0,west
2019-06-28,2019,6,28,1671.0,north
2019-06-28,2019,6,28,1770.0,south
2019-06-28,2019,6,28,1773.0,east
2019-06-28,2019,6,28,1581.0,west
2019-06-29,2019,6,29,1533.0,north
2019-06-29,2019,6,29,1650.0,south
2019-06-29,2019,6,29,1536.0,east
2019-06-29,2019,6,29,1548.0,west
2019-06-30,2019,6,30,1785.0,north
2019-06-30,2019,6,30,1614.0,south
2019-06-30,2019,6,30,1569.0,east
2019-06-30,2019,6,30,1800.0,west
2019-07-01,2019,7,1,1644.0,north
2019-07-01,2019,7,1,1659.0,south
2019-07-01,2019,7,1,1659.0,east
2019-07-01,2019,7,1,1644.0,west
2019-07-02,2019,7,2,1656.0,north
2019-07-02,2019,7,2,1566.0,south
2019-07-02,2019,7,2,1686.0,east
2019-07-02,2019,7,2,1677.0,west
2019-07-03,2019,7,3,1770.0,north
2019-07-03,2019,7,3,1689.0,south
2019-07-03,2019,7,3,1704.0,east
2019-07-03,2019,7,3,1800.0,west
2019-07-04,2019,7,4,1782.0,north
2019-07-04,2019,7,4,1746.0,south
2019-07-04,2019,7,4,1527.0,east
2019-07-04,2019,7,4,1581.0,west
2019-07-05,2019,7,5,1518.0,north
2019-07-05,2019,7,5,1554.0,south
2019-07-05,2019,7,5,1548.0,east
2019-07-05,2019,7,5,1533.0,west
2019-07-06,2019,7,6,1791.0,north
2019-07-06,2019,7,6,1578.0,south
2019-07-06,2019,7,6,1779.0,east
2019-07-06,2019,7,6,1704.0,west
2019-07-07,2019,7,7,1587.0,north
2019-07-07,2019,7,7,1593.0,south
2019-07-07,2019,7,7,1644.0,east
2019-07-07,2019,7,7,1680.0,west
2019-07-08,2019,7,8,1614.0,north
2019-07-08,2019,7,8,1704.0,south
2019-07-08,2019,7,8,1797.0,east
2019-07-08,2019,7,8,1770.0,west
2019-07-09,2019,7,9,1605.0,north
2019-07-09,2019,7,9,1686.0,south
2019-07-09,2019,7,9,1794.0,east
2019-07-09,2019,7,9,1713.0,west
2019-07-10,2019,7,10,1755.0,north
2019-07-10,2019,7,10,1500.0,south
2019-07-10,2019,7,10,1632.0,east
2019-07-10,2019,7,10,1800.0,west
2019-07-11,2019,7,11,1800.0,north
2019-07-11,2019,7,11,1650.0,south
2019-07-11,2019,7,11,1704.0,east
2019-07-11,2019,7,11,1590.0,west
2019-07-12,2019,7,12,1779.0,north
2019-07-12,2019,7,12,1554.0,south
2019-07-12,2019,7,12,1635.0,east
2019-07-12,2019,7,12,1608.0,west
2019-07-13,2019,7,13,1791.0,north
2019-07-13,2019,7,13,1779.0,south
2019-07-13,2019,7,13,1527.0,east
2019-07-13,2019,7,13,1689.0,west
2019-07-14,2019,7,14,1782.0,north
2019-07-14,2019,7,14,1662.0,south
2019-07-14,2019,7,14,1620.0,east
2019-07-14,2019,7,14,1692.0,west
2019-07-15,2019,7,15,1551.0,north
2019-07-15,2019,7,15,1620.0,south
2019-07-15,2019,7,15,1725.0,east
2019-07-15,2019,7,15,1602.0,west
2019-07-16,2019,7,16,1518.0,north
2019-07-16,2019,7,16,1761.0,south
2019-07-16,2019,7,16,1539.0,east
2019-07-16,2019,7,16,1614.0,west
2019-07-17,2019,7,17,1548.0,north
2019-07-17,2019,7,17,1551.0,south
2019-07-17,2019,7,17,1722.0,east
2019-07-17,2019,7,17,1662.0,west
2019-07-18,2019,7,18,1509.0,north
2019-07-18,2019,7,18,1773.0,south
2019-07-18,2019,7,18,1767.0,east
2019-07-18,2019,7,18,1581.0,west
2019-07-19,2019,7,19,1626.0,north
2019-07-19,2019,7,19,1734.0,south
2019-07-19,2019,7,19,1761.0,east
2019-07-19,2019,7,19,1659.0,west
2019-07-20,2019,7,20,1638.0,north
2019-07-20,2019,7,20,1539.0,south
2019-07-20,2019,7,20,1782.0,east
2019-07-20,2019,7,20,1728.0,west
2019-07-21,2019,7,21,1746.0,north
2019-07-21,2019,7,21,1536.0,south
2019-07-21,2019,7,21,1719.0,east
2019-07-21,2019,7,21,1773.0,west
2019-07-22,2019,7,22,1611.0,north
2019-07-22,2019,7,22,1665.0,south
2019-07-22,2019,7,22,1506.0,east
2019-07-22,2019,7,22,1746.0,west
2019-07-23,2019,7,23,1770.0,north
2019-07-23,2019,7,23,1734.0,south
2019-07-23,2019,7,23,1707.0,east
2019-07-23,2019,7,23,1620.0,west
2019-07-24,2019,7,24,1569.0,north
2019-07-24,2019,7,24,1656.0,south
2019-07-24,2019,7,24,1617.0,east
2019-07-24,2019,7,24,1638.0,west
2019-07-25,2019,7,25,1701.0,north
2019-07-25,2019,7,25,1713.0,south
2019-07-25,2019,7,25,1557.0,east
2019-07-25,2019,7,25,1725.0,west
2019-07-26,2019,7,26,1605.0,north
2019-07-26,2019,7,26,1770.0,south
2019-07-26,2019,7,26,1557.0,east
2019-07-26,2019,7,26,1755.0,west
2019-07-27,2019,7,27,1737.0,north
2019-07-27,2019,7,27,1785.0,south
2019-07-27,2019,7,27,1545.0,east
2019-07-27,2019,7,27,1560.0,west
2019-07-28,2019,7,28,1509.0,north
2019-07-28,2019,7,28,1761.0,south
2019-07-28,2019,7,28,1551.0,east
2019-07-28,2019,7,28,1683.0,west
2019-07-29,2019,7,29,1644.0,north
2019-07-29,2019,7,29,1608.0,south
2019-07-29,2019,7,29,1719.0,east
2019-07-29,2019,7,29,1794.0,west
2019-07-30,2019,7,30,1764.0,north
2019-07-30,2019,7,30,1512.0,south
2019-07-30,2019,7,30,1701.0,east
2019-07-30,2019,7,30,1797.0,west
2019-07-31,2019,7,31,1734.0,north
2019-07-31,2019,7,31,1791.0,south
2019-07-31,2019,7,31,1761.0,east
2019-07-31,2019,7,31,1587.0,west
2019-08-01,2019,8,1,1596.0,north
2019-08-01,2019,8,1,1542.0,south
2019-08-01,2019,8,1,1710.0,east
2019-08-01,2019,8,1,1701.0,west
2019-08-02,2019,8,2,1647.0,north
2019-08-02,2019,8,2,1524.0,south
2019-08-02,2019,8,2,1782.0,east
2019-08-02,2019,8,2,1716.0,west
2019-08-03,2019,8,3,1752.0,north
2019-08-03,2019,8,3,1686.0,south
2019-08-03,2019,8,3,1764.0,east
2019-08-03,2019,8,3,1755.0,west
2019-08-04,2019,8,4,1578.0,north
2019-08-04,2019,8,4,1539.0,south
2019-08-04,2019,8,4,1743.0,east
2019-08-04,2019,8,4,1596.0,west
2019-08-05,2019,8,5,1506.0,north
2019-08-05,2019,8,5,1527.0,south
2019-08-05,2019,8,5,1626.0,east
2019-08-05,2019,8,5,1530.0,west
2019-08-06,2019,8,6,1521.0,north
2019-08-06,2019,8,6,1713.0,south
2019-08-06,2019,8,6,1761.0,east
2019-08-06,2019,8,6,1557.0,west
2019-08-07,2019,8,7,1584.0,north
2019-08-07,2019,8,7,1764.0,south
2019-08-07,2019,8,7,1623.0,east
2019-08-07,2019,8,7,1776.0,west
2019-08-08,2019,8,8,1749.0,north
2019-08-08,2019,8,8,1707.0,south
2019-08-08,2019,8,8,1629.0,east
2019-08-08,2019,8,8,1773.0,west
2019-08-09,2019,8,9,1758.0,north
2019-08-09,2019,8,9,1671.0,south
2019-08-09,2019,8,9,1659.0,east
2019-08-09,2019,8,9,1641.0,west
2019-08-10,2019,8,10,1596.0,north
2019-08-10,2019,8,10,1626.0,south
2019-08-10,2019,8,10,1557.0,east
2019-08-10,2019,8,10,1695.0,west
2019-08-11,2019,8,11,1659.0,north
2019-08-11,2019,8,11,1680.0,south
2019-08-11,2019,8,11,1683.0,east
2019-08-11,2019,8,11,1692.0,west
2019-08-12,2019,8,12,1569.0,north
2019-08-12,2019,8,12,1740.0,south
2019-08-12,2019,8,12,1650.0,east
2019-08-12,2019,8,12,1569.0,west
2019-08-13,2019,8,13,1701.0,north
2019-08-13,2019,8,13,1677.0,south
2019-08-13,2019,8,13,1533.0,east
2019-08-13,2019,8,13,1587.0,west
2019-08-14,2019,8,14,1713.0,north
2019-08-14,2019,8,14,1611.0,south
2019-08-14,2019,8,14,1524.0,east
2019-08-14,2019,8,14,1725.0,west
2019-08-15,2019,8,15,1761.0,north
2019-08-15,2019,8,15,1569.0,south
2019-08-15,2019,8,15,1668.0,east
2019-08-15,2019,8,15,1563.0,west
2019-08-16,2019,8,16,1734.0,north
2019-08-16,2019,8,16,1524.0,south
2019-08-16,2019,8,16,1731.0,east
2019-08-16,2019,8,16,1665.0,west
2019-08-17,2019,8,17,1710.0,north
2019-08-17,2019,8,17,1509.0,south
2019-08-17,2019,8,17,1539.0,east
2019-08-17,2019,8,17,1533.0,west
2019-08-18,2019,8,18,1785.0,north
2019-08-18,2019,8,18,1665.0,south
2019-08-18,2019,8,18,1722.0,east
2019-08-18,2019,8,18,1659.0,west
2019-08-19,2019,8,19,1791.0,north
2019-08-19,2019,8,19,1680.0,south
2019-08-19,2019,8,19,1542.0,east
2019-08-19,2019,8,19,1701.0,west
2019-08-20,2019,8,20,1671.0,north
2019-08-20,2019,8,20,1656.0,south
2019-08-20,2019,8,20,1536.0,east
2019-08-20,2019,8,20,1800.0,west
2019-08-21,2019,8,21,1605.0,north
2019-08-21,2019,8,21,1671.0,south
2019-08-21,2019,8,21,1590.0,east
2019-08-21,2019,8,21,1545.0,west
2019-08-22,2019,8,22,1500.0,north
2019-08-22,2019,8,22,1779.0,south
2019-08-22,2019,8,22,1656.0,east
2019-08-22,2019,8,22,1731.0,west
2019-08-23,2019,8,23,1614.0,north
2019-08-23,2019,8,23,1782.0,south
2019-08-23,2019,8,23,1629.0,east
2019-08-23,2019,8,23,1635.0,west
2019-08-24,2019,8,24,1548.0,north
2019-08-24,2019,8,24,1776.0,south
2019-08-24,2019,8,24,1743.0,east
2019-08-24,2019,8,24,1737.0,west
2019-08-25,2019,8,25,1644.0,north
2019-08-25,2019,8,25,1626.0,south
2019-08-25,2019,8,25,1680.0,east
2019-08-25,2019,8,25,1524.0,west
2019-08-26,2019,8,26,1515.0,north
2019-08-26,2019,8,26,1704.0,south
2019-08-26,2019,8,26,1653.0,east
2019-08-26,2019,8,26,1554.0,west
2019-08-27,2019,8,27,1644.0,north
2019-08-27,2019,8,27,1674.0,south
2019-08-27,2019,8,27,1665.0,east
2019-08-27,2019,8,27,1755.0,west
2019-08-28,2019,8,28,1566.0,north
2019-08-28,2019,8,28,1659.0,south
2019-08-28,2019,8,28,1515.0,east
2019-08-28,2019,8,28,1779.0,west
2019-08-29,2019,8,29,1572.0,north
2019-08-29,2019,8,29,1770.0,south
2019-08-29,2019,8,29,1632.0,east
2019-08-29,2019,8,29,1677.0,west
2019-08-30,2019,8,30,1755.0,north
2019-08-30,2019,8,30,1527.0,south
2019-08-30,2019,8,30,1623.0,east
2019-08-30,2019,8,30,1668.0,west
2019-08-31,2019,8,31,1683.0,north
2019-08-31,2019,8,31,1698.0,south
2019-08-31,2019,8,31,1749.0,east
2019-08-31,2019,8,31,1632.0,west
2019-09-01,2019,9,1,1785.0,north
2019-09-01,2019,9,1,1707.0,south
2019-09-01,2019,9,1,1518.0,east
2019-09-01,2019,9,1,1563.0,west
2019-09-02,2019,9,2,1701.0,north
2019-09-02,2019,9,2,1605.0,south
2019-09-02,2019,9,2,1596.0,east
2019-09-02,2019,9,2,1605.0,west
2019-09-03,2019,9,3,1716.0,north
2019-09-03,2019,9,3,1569.0,south
2019-09-03,2019,9,3,1725.0,east
2019-09-03,2019,9,3,1542.0,west
2019-09-04,2019,9,4,1692.0,north
2019-09-04,2019,9,4,1560.0,south
2019-09-04,2019,9,4,1515.0,east
2019-09-04,2019,9,4,1653.0,west
2019-09-05,2019,9,5,1629.0,north
2019-09-05,2019,9,5,1668.0,south
2019-09-05,2019,9,5,1698.0,east
2019-09-05,2019,9,5,1677.0,west
2019-09-06,2019,9,6,1503.0,north
2019-09-06,2019,9,6,1776.0,south
2019-09-06,2019,9,6,1509.0,east
2019-09-06,2019,9,6,1665.0,west
2019-09-07,2019,9,7,1683.0,north
2019-09-07,2019,9,7,1530.0,south
2019-09-07,2019,9,7,1782.0,east
2019-09-07,2019,9,7,1584.0,west
2019-09-08,2019,9,8,1743.0,north
2019-09-08,2019,9,8,1551.0,south
2019-09-08,2019,9,8,1620.0,east
2019-09-08,2019,9,8,1791.0,west
2019-09-09,2019,9,9,1674.0,north
2019-09-09,2019,9,9,1797.0,south
2019-09-09,2019,9,9,1773.0,east
2019-09-09,2019,9,9,1596.0,west
2019-09-10,2019,9,10,1617.0,north
2019-09-10,2019,9,10,1764.0,south
2019-09-10,2019,9,10,1632.0,east
2019-09-10,2019,9,10,1506.0,west
2019-09-11,2019,9,11,1533.0,north
2019-09-11,2019,9,11,1677.0,south
2019-09-11,2019,9,11,1746.0,east
2019-09-11,2019,9,11,1668.0,west
2019-09-12,2019,9,12,1797.0,north
2019-09-12,2019,9,12,1545.0,south
2019-09-12,2019,9,12,1701.0,east
2019-09-12,2019,9,12,1578.0,west
2019-09-13,2019,9,13,1626.0,north
2019-09-13,2019,9,13,1512.0,south
2019-09-13,2019,9,13,1788.0,east
2019-09-13,2019,9,13,1671.0,west
2019-09-14,2019,9,14,1728.0,north
2019-09-14,2019,9,14,1653.0,south
2019-09-14,2019,9,14,1644.0,east
2019-09-14,2019,9,14,1734.0,west
2019-09-15,2019,9,15,1746.0,north
2019-09-15,2019,9,15,1524.0,south
2019-09-15,2019,9,15,1611.0,east
2019-09-15,2019,9,15,1626.0,west
2019-09-16,2019,9,16,1668.0,north
2019-09-16,2019,9,16,1734.0,south
2019-09-16,2019,9,16,1797.0,east
2019-09-16,2019,9,16,1725.0,west
2019-09-17,2019,9,17,1656.0,north
2019-09-17,2019,9,17,1530.0,south
2019-09-17,2019,9,17,1695.0,east
2019-09-17,2019,9,17,1656.0,west
2019-09-18,2019,9,18,1797.0,north
2019-09-18,2019,9,18,1515.0,south
2019-09-18,2019,9,18,1638.0,east
2019-09-18,2019,9,18,1797.0,west
2019-09-19,2019,9,19,1800.0,north
2019-09-19,2019,9,19,1560.0,south
2019-09-19,2019,9,19,1506.0,east
2019-09-19,2019,9,19,1581.0,west
2019-09-20,2019,9,20,1515.0,north
2019-09-20,2019,9,20,1527.0,south
2019-09-20,2019,9,20,1758.0,east
2019-09-20,2019,9,20,1638.0,west
2019-09-21,2019,9,21,1605.0,north
2019-09-21,2019,9,21,1716.0,south
2019-09-21,2019,9,21,1569.0,east
2019-09-21,2019,9,21,1674.0,west
2019-09-22,2019,9,22,1632.0,north
2019-09-22,2019,9,22,1734.0,south
2019-09-22,2019,9,22,1530.0,east
2019-09-22,2019,9,22,1689.0,west
2019-09-23,2019,9,23,1641.0,north
2019-09-23,2019,9,23,1779.0,south
2019-09-23,2019,9,23,1659.0,east
2019-09-23,2019,9,23,1797.0,west
2019-09-24,2019,9,24,1767.0,north
2019-09-24,2019,9,24,1755.0,south
2019-09-24,2019,9,24,1602.0,east
2019-09-24,2019,9,24,1524.0,west
2019-09-25,2019,9,25,1794.0,north
2019-09-25,2019,9,25,1626.0,south
2019-09-25,2019,9,25,1617.0,east
2019-09-25,2019,9,25,1773.0,west
2019-09-26,2019,9,26,1719.0,north
2019-09-26,2019,9,26,1509.0,south
2019-09-26,2019,9,26,1686.0,east
2019-09-26,2019,9,26,1668.0,west
2019-09-27,2019,9,27,1731.0,north
2019-09-27,2019,9,27,1590.0,south
2019-09-27,2019,9,27,1728.0,east
2019-09-27,2019,9,27,1722.0,west
2019-09-28,2019,9,28,1548.0,north
2019-09-28,2019,9,28,1599.0,south
2019-09-28,2019,9,28,1605.0,east
2019-09-28,2019,9,28,1671.0,west
2019-09-29,2019,9,29,1512.0,north
2019-09-29,2019,9,29,1650.0,south
2019-09-29,2019,9,29,1614.0,east
2019-09-29,2019,9,29,1674.0,west
2019-09-30,2019,9,30,1638.0,north
2019-09-30,2019,9,30,1731.0,south
2019-09-30,2019,9,30,1716.0,east
2019-09-30,2019,9,30,1566.0,west
2019-10-01,2019,10,1,1707.0,north
2019-10-01,2019,10,1,1554.0,south
2019-10-01,2019,10,1,1632.0,east
2019-10-01,2019,10,1,1584.0,west
2019-10-02,2019,10,2,1653.0,north
2019-10-02,2019,10,2,1770.0,south
2019-10-02,2019,10,2,1758.0,east
2019-10-02,2019,10,2,1569.0,west
2019-10-03,2019,10,3,1797.0,north
2019-10-03,2019,10,3,1551.0,south
2019-10-03,2019,10,3,1677.0,east
2019-10-03,2019,10,3,1599.0,west
2019-10-04,2019,10,4,1512.0,north
2019-10-04,2019,10,4,1635.0,south
2019-10-04,2019,10,4,1749.0,east
2019-10-04,2019,10,4,1689.0,west
2019-10-05,2019,10,5,1614.0,north
2019-10-05,2019,10,5,1527.0,south
2019-10-05,2019,10,5,1521.0,east
2019-10-05,2019,10,5,1725.0,west
2019-10-06,2019,10,6,1587.0,north
2019-10-06,2019,10,6,1701.0,south
2019-10-06,2019,10,6,1566.0,east
2019-10-06,2019,10,6,1752.0,west
2019-10-07,2019,10,7,1668.0,north
2019-10-07,2019,10,7,1686.0,south
2019-10-07,2019,10,7,1611.0,east
2019-10-07,2019,10,7,1569.0,west
2019-10-08,2019,10,8,1599.0,north
2019-10-08,2019,10,8,1539.0,south
2019-10-08,2019,10,8,1611.0,east
2019-10-08,2019,10,8,1605.0,west
2019-10-09,2019,10,9,1680.0,north
2019-10-09,2019,10,9,1704.0,south
2019-10-09,2019,10,9,1689.0,east
2019-10-09,2019,10,9,1644.0,west
2019-10-10,2019,10,10,1701.0,north
2019-10-10,2019,10,10,1560.0,south
2019-10-10,2019,10,10,1791.0,east
2019-10-10,2019,10,10,1698.0,west
2019-10-11,2019,10,11,1539.0,north
2019-10-11,2019,10,11,1542.0,south
2019-10-11,2019,10,11,1704.0,east
2019-10-11,2019,10,11,1728.0,west
2019-10-12,2019,10,12,1590.0,north
2019-10-12,2019,10,12,1743.0,south
2019-10-12,2019,10,12,1569.0,east
2019-10-12,2019,10,12,1722.0,west
2019-10-13,2019,10,13,1545.0,north
2019-10-13,2019,10,13,1533.0,south
2019-10-13,2019,10,13,1674.0,east
2019-10-13,2019,10,13,1704.0,west
2019-10-14,2019,10,14,1524.0,north
2019-10-14,2019,10,14,1578.0,south
2019-10-14,2019,10,14,1692.0,east
2019-10-14,2019,10,14,1635.0,west
2019-10-15,2019,10,15,1782.0,north
2019-10-15,2019,10,15,1587.0,south
2019-10-15,2019,10,15,1638.0,east
2019-10-15,2019,10,15,1752.0,west
2019-10-16,2019,10,16,1542.0,north
2019-10-16,2019,10,16,1608.0,south
2019-10-16,2019,10,16,1683.0,east
2019-10-16,2019,10,16,1596.0,west
2019-10-17,2019,10,17,1527.0,north
2019-10-17,2019,10,17,1737.0,south
2019-10-17,2019,10,17,1671.0,east
2019-10-17,2019,10,17,1662.0,west
2019-10-18,2019,10,18,1518.0,north
2019-10-18,2019,10,18,1746.0,south
2019-10-18,2019,10,18,1590.0,east
2019-10-18,2019,10,18,1710.0,west
2019-10-19,2019,10,19,1647.0,north
2019-10-19,2019,10,19,1737.0,south
2019-10-19,2019,10,19,1761.0,east
2019-10-19,2019,10,19,1587.0,west
2019-10-20,2019,10,20,1701.0,north
2019-10-20,2019,10,20,1524.0,south
2019-10-20,2019,10,20,1677.0,east
2019-10-20,2019,10,20,1725.0,west
2019-10-21,2019,10,21,1653.0,north
2019-10-21,2019,10,21,1686.0,south
2019-10-21,2019,10,21,1698.0,east
2019-10-21,2019,10,21,1560.0,west
2019-10-22,2019,10,22,1515.0,north
2019-10-22,2019,10,22,1734.0,south
2019-10-22,2019,10,22,1551.0,east
2019-10-22,2019,10,22,1713.0,west
2019-10-23,2019,10,23,1758.0,north
2019-10-23,2019,10,23,1644.0,south
2019-10-23,2019,10,23,1758.0,east
2019-10-23,2019,10,23,1641.0,west
2019-10-24,2019,10,24,1617.0,north
2019-10-24,2019,10,24,1611.0,south
2019-10-24,2019,10,24,1788.0,east
2019-10-24,2019,10,24,1602.0,west
2019-10-25,2019,10,25,1638.0,north
2019-10-25,2019,10,25,1620.0,south
2019-10-25,2019,10,25,1665.0,east
2019-10-25,2019,10,25,1500.0,west
2019-10-26,2019,10,26,1671.0,north
2019-10-26,2019,10,26,1566.0,south
2019-10-26,2019,10,26,1740.0,east
2019-10-26,2019,10,26,1599.0,west
2019-10-27,2019,10,27,1710.0,north
2019-10-27,2019,10,27,1668.0,south
2019-10-27,2019,10,27,1740.0,east
2019-10-27,2019,10,27,1698.0,west
2019-10-28,2019,10,28,1503.0,north
2019-10-28,2019,10,28,1689.0,south
2019-10-28,2019,10,28,1626.0,east
2019-10-28,2019,10,28,1674.0,west
2019-10-29,2019,10,29,1542.0,north
2019-10-29,2019,10,29,1692.0,south
2019-10-29,2019,10,29,1719.0,east
2019-10-29,2019,10,29,1512.0,west
2019-10-30,2019,10,30,1731.0,north
2019-10-30,2019,10,30,1644.0,south
2019-10-30,2019,10,30,1746.0,east
2019-10-30,2019,10,30,1689.0,west
2019-10-31,2019,10,31,1800.0,north
2019-10-31,2019,10,31,1527.0,south
2019-10-31,2019,10,31,1533.0,east
2019-10-31,2019,10,31,1800.0,west
2019-11-01,2019,11,1,1644.0,north
2019-11-01,2019,11,1,1500.0,south
2019-11-01,2019,11,1,1800.0,east
2019-11-01,2019,11,1,1767.0,west
2019-11-02,2019,11,2,1791.0,north
2019-11-02,2019,11,2,1776.0,south
2019-11-02,2019,11,2,1596.0,east
2019-11-02,2019,11,2,1734.0,west
2019-11-03,2019,11,3,1542.0,north
2019-11-03,2019,11,3,1608.0,south
2019-11-03,2019,11,3,1617.0,east
2019-11-03,2019,11,3,1623.0,west
2019-11-04,2019,11,4,1674.0,north
2019-11-04,2019,11,4,1782.0,south
2019-11-04,2019,11,4,1680.0,east
2019-11-04,2019,11,4,1512.0,west
2019-11-05,2019,11,5,1500.0,north
2019-11-05,2019,11,5,1668.0,south
2019-11-05,2019,11,5,1758.0,east
2019-11-05,2019,11,5,1533.0,west
2019-11-06,2019,11,6,1785.0,north
2019-11-06,2019,11,6,1533.0,south
2019-11-06,2019,11,6,1659.0,east
2019-11-06,2019,11,6,1506.0,west
2019-11-07,2019,11,7,1656.0,north
2019-11-07,2019,11,7,1728.0,south
2019-11-07,2019,11,7,1728.0,east
2019-11-07,2019,11,7,1713.0,west
2019-11-08,2019,11,8,1797.0,north
2019-11-08,2019,11,8,1686.0,south
2019-11-08,2019,11,8,1584.0,east
2019-11-08,2019,11,8,1713.0,west
2019-11-09,2019,11,9,1665.0,north
2019-11-09,2019,11,9,1557.0,south
2019-11-09,2019,11,9,1656.0,east
2019-11-09,2019,11,9,1767.0,west
2019-11-10,2019,11,10,1515.0,north
2019-11-10,2019,11,10,1761.0,south
2019-11-10,2019,11,10,1767.0,east
2019-11-10,2019,11,10,1641.0,west
2019-11-11,2019,11,11,1584.0,north
2019-11-11,2019,11,11,1545.0,south
2019-11-11,2019,11,11,1695.0,east
2019-11-11,2019,11,11,1761.0,west
2019-11-12,2019,11,12,1701.0,north
2019-11-12,2019,11,12,1767.0,south
2019-11-12,2019,11,12,1632.0,east
2019-11-12,2019,11,12,1704.0,west
2019-11-13,2019,11,13,1599.0,north
2019-11-13,2019,11,13,1509.0,south
2019-11-13,2019,11,13,1728.0,east
2019-11-13,2019,11,13,1683.0,west
2019-11-14,2019,11,14,1740.0,north
2019-11-14,2019,11,14,1626.0,south
2019-11-14,2019,11,14,1572.0,east
2019-11-14,2019,11,14,1716.0,west
2019-11-15,2019,11,15,1641.0,north
2019-11-15,2019,11,15,1560.0,south
2019-11-15,2019,11,15,1614.0,east
2019-11-15,2019,11,15,1605.0,west
2019-11-16,2019,11,16,1503.0,north
2019-11-16,2019,11,16,1638.0,south
2019-11-16,2019,11,16,1662.0,east
2019-11-16,2019,11,16,1653.0,west
2019-11-17,2019,11,17,1734.0,north
2019-11-17,2019,11,17,1599.0,south
2019-11-17,2019,11,17,1515.0,east
2019-11-17,2019,11,17,1608.0,west
2019-11-18,2019,11,18,1566.0,north
2019-11-18,2019,11,18,1734.0,south
2019-11-18,2019,11,18,1719.0,east
2019-11-18,2019,11,18,1773.0,west
2019-11-19,2019,11,19,1791.0,north
2019-11-19,2019,11,19,1779.0,south
2019-11-19,2019,11,19,1641.0,east
2019-11-19,2019,11,19,1617.0,west
2019-11-20,2019,11,20,1533.0,north
2019-11-20,2019,11,20,1527.0,south
2019-11-20,2019,11,20,1512.0,east
2019-11-20,2019,11,20,1515.0,west
2019-11-21,2019,11,21,1734.0,north
2019-11-21,2019,11,21,1668.0,south
2019-11-21,2019,11,21,1665.0,east
2019-11-21,2019,11,21,1644.0,west
2019-11-22,2019,11,22,1767.0,north
2019-11-22,2019,11,22,1647.0,south
2019-11-22,2019,11,22,1665.0,east
2019-11-22,2019,11,22,1776.0,west
2019-11-23,2019,11,23,1665.0,north
2019-11-23,2019,11,23,1632.0,south
2019-11-23,2019,11,23,1521.0,east
2019-11-23,2019,11,23,1659.0,west
2019-11-24,2019,11,24,1623.0,north
2019-11-24,2019,11,24,1698.0,south
2019-11-24,2019,11,24,1596.0,east
2019-11-24,2019,11,24,1674.0,west
2019-11-25,2019,11,25,1749.0,north
2019-11-25,2019,11,25,1536.0,south
2019-11-25,2019,11,25,1734.0,east
2019-11-25,2019,11,25,1716.0,west
2019-11-26,2019,11,26,1599.0,north
2019-11-26,2019,11,26,1500.0,south
2019-11-26,2019,11,26,1518.0,east
2019-11-26,2019,11,26,1584.0,west
2019-11-27,2019,11,27,1551.0,north
2019-11-27,2019,11,27,1701.0,south
2019-11-27,2019,11,27,1689.0,east
2019-11-27,2019,11,27,1746.0,west
2019-11-28,2019,11,28,1725.0,north
2019-11-28,2019,11,28,1776.0,south
2019-11-28,2019,11,28,1707.0,east
2019-11-28,2019,11,28,1794.0,west
2019-11-29,2019,11,29,1641.0,north
2019-11-29,2019,11,29,1653.0,south
2019-11-29,2019,11,29,1716.0,east
2019-11-29,2019,11,29,1776.0,west
2019-11-30,2019,11,30,1797.0,north
2019-11-30,2019,11,30,1782.0,south
2019-11-30,2019,11,30,1653.0,east
2019-11-30,2019,11,30,1596.0,west
2019-12-01,2019,12,1,1704.0,north
2019-12-01,2019,12,1,1626.0,south
2019-12-01,2019,12,1,1617.0,east
2019-12-01,2019,12,1,1680.0,west
2019-12-02,2019,12,2,1608.0,north
2019-12-02,2019,12,2,1713.0,south
2019-12-02,2019,12,2,1632.0,east
2019-12-02,2019,12,2,1680.0,west
2019-12-03,2019,12,3,1791.0,north
2019-12-03,2019,12,3,1761.0,south
2019-12-03,2019,12,3,1749.0,east
2019-12-03,2019,12,3,1626.0,west
2019-12-04,2019,12,4,1773.0,north
2019-12-04,2019,12,4,1623.0,south
2019-12-04,2019,12,4,1662.0,east
2019-12-04,2019,12,4,1731.0,west
2019-12-05,2019,12,5,1755.0,north
2019-12-05,2019,12,5,1602.0,south
2019-12-05,2019,12,5,1740.0,east
2019-12-05,2019,12,5,1605.0,west
2019-12-06,2019,12,6,1680.0,north
2019-12-06,2019,12,6,1572.0,south
2019-12-06,2019,12,6,1542.0,east
2019-12-06,2019,12,6,1779.0,west
2019-12-07,2019,12,7,1671.0,north
2019-12-07,2019,12,7,1722.0,south
2019-12-07,2019,12,7,1728.0,east
2019-12-07,2019,12,7,1659.0,west
2019-12-08,2019,12,8,1770.0,north
2019-12-08,2019,12,8,1632.0,south
2019-12-08,2019,12,8,1536.0,east
2019-12-08,2019,12,8,1734.0,west
2019-12-09,2019,12,9,1584.0,north
2019-12-09,2019,12,9,1713.0,south
2019-12-09,2019,12,9,1728.0,east
2019-12-09,2019,12,9,1725.0,west
2019-12-10,2019,12,10,1506.0,north
2019-12-10,2019,12,10,1503.0,south
2019-12-10,2019,12,10,1521.0,east
2019-12-10,2019,12,10,1713.0,west
2019-12-11,2019,12,11,1635.0,north
2019-12-11,2019,12,11,1506.0,south
2019-12-11,2019,12,11,1542.0,east
2019-12-11,2019,12,11,1551.0,west
2019-12-12,2019,12,12,1623.0,north
2019-12-12,2019,12,12,1719.0,south
2019-12-12,2019,12,12,1563.0,east
2019-12-12,2019,12,12,1791.0,west
2019-12-13,2019,12,13,1800.0,north
2019-12-13,2019,12,13,1800.0,south
2019-12-13,2019,12,13,1740.0,east
2019-12-13,2019,12,13,1755.0,west
2019-12-14,2019,12,14,1716.0,north
2019-12-14,2019,12,14,1632.0,south
2019-12-14,2019,12,14,1599.0,east
2019-12-14,2019,12,14,1632.0,west
2019-12-15,2019,12,15,1725.0,north
2019-12-15,2019,12,15,1743.0,south
2019-12-15,2019,12,15,1587.0,east
2019-12-15,2019,12,15,1608.0,west
2019-12-16,2019,12,16,1662.0,north
2019-12-16,2019,12,16,1791.0,south
2019-12-16,2019,12,16,1773.0,east
2019-12-16,2019,12,16,1650.0,west
2019-12-17,2019,12,17,1518.0,north
2019-12-17,2019,12,17,1749.0,south
2019-12-17,2019,12,17,1689.0,east
2019-12-17,2019,12,17,1533.0,west
2019-12-18,2019,12,18,1533.0,north
2019-12-18,2019,12,18,1641.0,south
2019-12-18,2019,12,18,1590.0,east
2019-12-18,2019,12,18,1740.0,west
2019-12-19,2019,12,19,1665.0,north
2019-12-19,2019,12,19,1773.0,south
2019-12-19,2019,12,19,1503.0,east
2019-12-19,2019,12,19,1542.0,west
2019-12-20,2019,12,20,1788.0,north
2019-12-20,2019,12,20,1773.0,south
2019-12-20,2019,12,20,1788.0,east
2019-12-20,2019,12,20,1785.0,west
2019-12-21,2019,12,21,1605.0,north
2019-12-21,2019,12,21,1701.0,south
2019-12-21,2019,12,21,1626.0,east
2019-12-21,2019,12,21,1623.0,west
2019-12-22,2019,12,22,1671.0,north
2019-12-22,2019,12,22,1629.0,south
2019-12-22,2019,12,22,1725.0,east
2019-12-22,2019,12,22,1557.0,west
2019-12-23,2019,12,23,1671.0,north
2019-12-23,2019,12,23,1662.0,south
2019-12-23,2019,12,23,1674.0,east
2019-12-23,2019,12,23,1671.0,west
2019-12-24,2019,12,24,1620.0,north
2019-12-24,2019,12,24,1716.0,south
2019-12-24,2019,12,24,1674.0,east
2019-12-24,2019,12,24,1686.0,west
2019-12-25,2019,12,25,1752.0,north
2019-12-25,2019,12,25,1725.0,south
2019-12-25,2019,12,25,1545.0,east
2019-12-25,2019,12,25,1506.0,west
2019-12-26,2019,12,26,1539.0,north
2019-12-26,2019,12,26,1716.0,south
2019-12-26,2019,12,26,1500.0,east
2019-12-26,2019,12,26,1794.0,west
2019-12-27,2019,12,27,1716.0,north
2019-12-27,2019,12,27,1665.0,south
2019-12-27,2019,12,27,1557.0,east
2019-12-27,2019,12,27,1620.0,west
2019-12-28,2019,12,28,1779.0,north
2019-12-28,2019,12,28,1779.0,south
2019-12-28,2019,12,28,1752.0,east
2019-12-28,2019,12,28,1773.0,west
2019-12-29,2019,12,29,1800.0,north
2019-12-29,2019,12,29,1773.0,south
2019-12-29,2019,12,29,1767.0,east
2019-12-29,2019,12,29,1683.0,west
2019-12-30,2019,12,30,1542.0,north
2019-12-30,2019,12,30,1728.0,south
2019-12-30,2019,12,30,1569.0,east
2019-12-30,2019,12,30,1659.0,west
2019-12-31,2019,12,31,1581.0,north
2019-12-31,2019,12,31,1713.0,south
2019-12-31,2019,12,31,1533.0,east
2019-12-31,2019,12,31,1692.0,west
2020-01-01,2020,1,1,1506.0,north
2020-01-01,2020,1,1,1659.0,south
2020-01-01,2020,1,1,1719.0,east
2020-01-01,2020,1,1,1704.0,west
2020-01-02,2020,1,2,1767.0,north
2020-01-02,2020,1,2,1542.0,south
2020-01-02,2020,1,2,1542.0,east
2020-01-02,2020,1,2,1629.0,west
2020-01-03,2020,1,3,1659.0,north
2020-01-03,2020,1,3,1539.0,south
2020-01-03,2020,1,3,1734.0,east
2020-01-03,2020,1,3,1761.0,west
2020-01-04,2020,1,4,1560.0,north
2020-01-04,2020,1,4,1767.0,south
2020-01-04,2020,1,4,1791.0,east
2020-01-04,2020,1,4,1632.0,west
2020-01-05,2020,1,5,1716.0,north
2020-01-05,2020,1,5,1536.0,south
2020-01-05,2020,1,5,1662.0,east
2020-01-05,2020,1,5,1680.0,west
2020-01-06,2020,1,6,1689.0,north
2020-01-06,2020,1,6,1779.0,south
2020-01-06,2020,1,6,1512.0,east
2020-01-06,2020,1,6,1578.0,west
2020-01-07,2020,1,7,1560.0,north
2020-01-07,2020,1,7,1581.0,south
2020-01-07,2020,1,7,1677.0,east
2020-01-07,2020,1,7,1599.0,west
2020-01-08,2020,1,8,1713.0,north
2020-01-08,2020,1,8,1800.0,south
2020-01-08,2020,1,8,1767.0,east
2020-01-08,2020,1,8,1752.0,west
2020-01-09,2020,1,9,1509.0,north
2020-01-09,2020,1,9,1539.0,south
2020-01-09,2020,1,9,1671.0,east
2020-01-09,2020,1,9,1668.0,west
2020-01-10,2020,1,10,1692.0,north
2020-01-10,2020,1,10,1584.0,south
2020-01-10,2020,1,10,1710.0,east
2020-01-10,2020,1,10,1686.0,west
2020-01-11,2020,1,11,1617.0,north
2020-01-11,2020,1,11,1665.0,south
2020-01-11,2020,1,11,1722.0,east
2020-01-11,2020,1,11,1551.0,west
2020-01-12,2020,1,12,1620.0,north
2020-01-12,2020,1,12,1791.0,south
2020-01-12,2020,1,12,1662.0,east
2020-01-12,2020,1,12,1656.0,west
2020-01-13,2020,1,13,1644.0,north
2020-01-13,2020,1,13,1659.0,south
2020-01-13,2020,1,13,1740.0,east
2020-01-13,2020,1,13,1668.0,west
2020-01-14,2020,1,14,1566.0,north
2020-01-14,2020,1,14,1575.0,south
2020-01-14,2020,1,14,1566.0,east
2020-01-14,2020,1,14,1578.0,west
2020-01-15,2020,1,15,1737.0,north
2020-01-15,2020,1,15,1596.0,south
2020-01-15,2020,1,15,1776.0,east
2020-01-15,2020,1,15,1638.0,west
2020-01-16,2020,1,16,1749.0,north
2020-01-16,2020,1,16,1752.0,south
2020-01-16,2020,1,16,1635.0,east
2020-01-16,2020,1,16,1581.0,west
2020-01-17,2020,1,17,1521.0,north
2020-01-17,2020,1,17,1536.0,south
2020-01-17,2020,1,17,1665.0,east
2020-01-17,2020,1,17,1782.0,west
2020-01-18,2020,1,18,1650.0,north
2020-01-18,2020,1,18,1749.0,south
2020-01-18,2020,1,18,1797.0,east
2020-01-18,2020,1,18,1650.0,west
2020-01-19,2020,1,19,1608.0,north
2020-01-19,2020,1,19,1608.0,south
2020-01-19,2020,1,19,1575.0,east
2020-01-19,2020,1,19,1590.0,west
2020-01-20,2020,1,20,1665.0,north
2020-01-20,2020,1,20,1596.0,south
2020-01-20,2020,1,20,1581.0,east
2020-01-20,2020,1,20,1695.0,west
2020-01-21,2020,1,21,1647.0,north
2020-01-21,2020,1,21,1776.0,south
2020-01-21,2020,1,21,1719.0,east
2020-01-21,2020,1,21,1578.0,west
2020-01-22,2020,1,22,1503.0,north
2020-01-22,2020,1,22,1569.0,south
2020-01-22,2020,1,22,1731.0,east
2020-01-22,2020,1,22,1551.0,west
2020-01-23,2020,1,23,1626.0,north
2020-01-23,2020,1,23,1518.0,south
2020-01-23,2020,1,23,1575.0,east
2020-01-23,2020,1,23,1611.0,west
2020-01-24,2020,1,24,1629.0,north
2020-01-24,2020,1,24,1704.0,south
2020-01-24,2020,1,24,1656.0,east
2020-01-24,2020,1,24,1554.0,west
2020-01-25,2020,1,25,1575.0,north
2020-01-25,2020,1,25,1638.0,south
2020-01-25,2020,1,25,1635.0,east
2020-01-25,2020,1,25,1548.0,west
2020-01-26,2020,1,26,1710.0,north
2020-01-26,2020,1,26,1584.0,south
2020-01-26,2020,1,26,1716.0,east
2020-01-26,2020,1,26,1602.0,west
2020-01-27,2020,1,27,1569.0,north
2020-01-27,2020,1,27,1506.0,south
2020-01-27,2020,1,27,1671.0,east
2020-01-27,2020,1,27,1584.0,west
2020-01-28,2020,1,28,1689.0,north
2020-01-28,2020,1,28,1773.0,south
2020-01-28,2020,1,28,1647.0,east
2020-01-28,2020,1,28,1503.0,west
2020-01-29,2020,1,29,1593.0,north
2020-01-29,2020,1,29,1506.0,south
2020-01-29,2020,1,29,1740.0,east
2020-01-29,2020,1,29,1572.0,west
2020-01-30,2020,1,30,1620.0,north
2020-01-30,2020,1,30,1542.0,south
2020-01-30,2020,1,30,1593.0,east
2020-01-30,2020,1,30,1500.0,west
2020-01-31,2020,1,31,1635.0,north
2020-01-31,2020,1,31,1656.0,south
2020-01-31,2020,1,31,1779.0,east
2020-01-31,2020,1,31,1605.0,west
2020-02-01,2020,2,1,1602.0,north
2020-02-01,2020,2,1,1794.0,south
2020-02-01,2020,2,1,1677.0,east
2020-02-01,2020,2,1,1521.0,west
2020-02-02,2020,2,2,1707.0,north
2020-02-02,2020,2,2,1665.0,south
2020-02-02,2020,2,2,1713.0,east
2020-02-02,2020,2,2,1659.0,west
2020-02-03,2020,2,3,1548.0,north
2020-02-03,2020,2,3,1647.0,south
2020-02-03,2020,2,3,1764.0,east
2020-02-03,2020,2,3,1662.0,west
2020-02-04,2020,2,4,1563.0,north
2020-02-04,2020,2,4,1755.0,south
2020-02-04,2020,2,4,1659.0,east
2020-02-04,2020,2,4,1575.0,west
2020-02-05,2020,2,5,1716.0,north
2020-02-05,2020,2,5,1506.0,south
2020-02-05,2020,2,5,1734.0,east
2020-02-05,2020,2,5,1704.0,west
2020-02-06,2020,2,6,1512.0,north
2020-02-06,2020,2,6,1572.0,south
2020-02-06,2020,2,6,1782.0,east
2020-02-06,2020,2,6,1554.0,west
2020-02-07,2020,2,7,1782.0,north
2020-02-07,2020,2,7,1701.0,south
2020-02-07,2020,2,7,1698.0,east
2020-02-07,2020,2,7,1671.0,west
2020-02-08,2020,2,8,1584.0,north
2020-02-08,2020,2,8,1602.0,south
2020-02-08,2020,2,8,1755.0,east
2020-02-08,2020,2,8,1614.0,west
2020-02-09,2020,2,9,1743.0,north
2020-02-09,2020,2,9,1788.0,south
2020-02-09,2020,2,9,1644.0,east
2020-02-09,2020,2,9,1728.0,west
2020-02-10,2020,2,10,1599.0,north
2020-02-10,2020,2,10,1689.0,south
2020-02-10,2020,2,10,1776.0,east
2020-02-10,2020,2,10,1569.0,west
2020-02-11,2020,2,11,1791.0,north
2020-02-11,2020,2,11,1638.0,south
2020-02-11,2020,2,11,1716.0,east
2020-02-11,2020,2,11,1788.0,west
2020-02-12,2020,2,12,1758.0,north
2020-02-12,2020,2,12,1752.0,south
2020-02-12,2020,2,12,1599.0,east
2020-02-12,2020,2,12,1533.0,west
2020-02-13,2020,2,13,1548.0,north
2020-02-13,2020,2,13,1800.0,south
2020-02-13,2020,2,13,1659.0,east
2020-02-13,2020,2,13,1617.0,west
2020-02-14,2020,2,14,1746.0,north
2020-02-14,2020,2,14,1644.0,south
2020-02-14,2020,2,14,1698.0,east
2020-02-14,2020,2,14,1533.0,west
2020-02-15,2020,2,15,1704.0,north
2020-02-15,2020,2,15,1524.0,south
2020-02-15,2020,2,15,1545.0,east
2020-02-15,2020,2,15,1731.0,west
2020-02-16,2020,2,16,1665.0,north
2020-02-16,2020,2,16,1791.0,south
2020-02-16,2020,2,16,1605.0,east
2020-02-16,2020,2,16,1743.0,west
2020-02-17,2020,2,17,1677.0,north
2020-02-17,2020,2,17,1590.0,south
2020-02-17,2020,2,17,1722.0,east
2020-02-17,2020,2,17,1743.0,west
2020-02-18,2020,2,18,1668.0,north
2020-02-18,2020,2,18,1620.0,south
2020-02-18,2020,2,18,1704.0,east
2020-02-18,2020,2,18,1683.0,west
2020-02-19,2020,2,19,1551.0,north
2020-02-19,2020,2,19,1650.0,south
2020-02-19,2020,2,19,1689.0,east
2020-02-19,2020,2,19,1638.0,west
2020-02-20,2020,2,20,1518.0,north
2020-02-20,2020,2,20,1593.0,south
2020-02-20,2020,2,20,1632.0,east
2020-02-20,2020,2,20,1602.0,west
2020-02-21,2020,2,21,1761.0,north
2020-02-21,2020,2,21,1755.0,south
2020-02-21,2020,2,21,1581.0,east
2020-02-21,2020,2,21,1794.0,west
2020-02-22,2020,2,22,1545.0,north
2020-02-22,2020,2,22,1689.0,south
2020-02-22,2020,2,22,1632.0,east
2020-02-22,2020,2,22,1668.0,west
2020-02-23,2020,2,23,1638.0,north
2020-02-23,2020,2,23,1602.0,south
2020-02-23,2020,2,23,1686.0,east
2020-02-23,2020,2,23,1776.0,west
2020-02-24,2020,2,24,1593.0,north
2020-02-24,2020,2,24,1734.0,south
2020-02-24,2020,2,24,1608.0,east
2020-02-24,2020,2,24,1617.0,west
2020-02-25,2020,2,25,1656.0,north
2020-02-25,2020,2,25,1722.0,south
2020-02-25,2020,2,25,1566.0,east
2020-02-25,2020,2,25,1548.0,west
2020-02-26,2020,2,26,1545.0,north
2020-02-26,2020,2,26,1521.0,south
2020-02-26,2020,2,26,1728.0,east
2020-02-26,2020,2,26,1668.0,west
2020-02-27,2020,2,27,1698.0,north
2020-02-27,2020,2,27,1599.0,south
2020-02-27,2020,2,27,1581.0,east
2020-02-27,2020,2,27,1527.0,west
2020-02-28,2020,2,28,1509.0,north
2020-02-28,2020,2,28,1686.0,south
2020-02-28,2020,2,28,1590.0,east
2020-02-28,2020,2,28,1689.0,west
2020-02-29,2020,2,29,1671.0,north
2020-02-29,2020,2,29,1728.0,south
2020-02-29,2020,2,29,1524.0,east
2020-02-29,2020,2,29,1656.0,west
2020-03-01,2020,3,1,1593.0,north
2020-03-01,2020,3,1,1626.0,south
2020-03-01,2020,3,1,1626.0,east
2020-03-01,2020,3,1,1692.0,west
2020-03-02,2020,3,2,1509.0,north
2020-03-02,2020,3,2,1788.0,south
2020-03-02,2020,3,2,1572.0,east
2020-03-02,2020,3,2,1569.0,west
2020-03-03,2020,3,3,1632.0,north
2020-03-03,2020,3,3,1548.0,south
2020-03-03,2020,3,3,1623.0,east
2020-03-03,2020,3,3,1506.0,west
2020-03-04,2020,3,4,1773.0,north
2020-03-04,2020,3,4,1677.0,south
2020-03-04,2020,3,4,1638.0,east
2020-03-04,2020,3,4,1569.0,west
2020-03-05,2020,3,5,1794.0,north
2020-03-05,2020,3,5,1764.0,south
2020-03-05,2020,3,5,1530.0,east
2020-03-05,2020,3,5,1770.0,west
2020-03-06,2020,3,6,1623.0,north
2020-03-06,2020,3,6,1734.0,south
2020-03-06,2020,3,6,1698.0,east
2020-03-06,2020,3,6,1503.0,west
2020-03-07,2020,3,7,1641.0,north
2020-03-07,2020,3,7,1581.0,south
2020-03-07,2020,3,7,1797.0,east
2020-03-07,2020,3,7,1674.0,west
2020-03-08,2020,3,8,1701.0,north
2020-03-08,2020,3,8,1590.0,south
2020-03-08,2020,3,8,1599.0,east
2020-03-08,2020,3,8,1791.0,west
2020-03-09,2020,3,9,1719.0,north
2020-03-09,2020,3,9,1776.0,south
2020-03-09,2020,3,9,1542.0,east
2020-03-09,2020,3,9,1740.0,west
2020-03-10,2020,3,10,1644.0,north
2020-03-10,2020,3,10,1653.0,south
2020-03-10,2020,3,10,1797.0,east
2020-03-10,2020,3,10,1740.0,west
2020-03-11,2020,3,11,1605.0,north
2020-03-11,2020,3,11,1584.0,south
2020-03-11,2020,3,11,1662.0,east
2020-03-11,2020,3,11,1572.0,west
2020-03-12,2020,3,12,1635.0,north
2020-03-12,2020,3,12,1548.0,south
2020-03-12,2020,3,12,1680.0,east
2020-03-12,2020,3,12,1767.0,west
2020-03-13,2020,3,13,1554.0,north
2020-03-13,2020,3,13,1686.0,south
2020-03-13,2020,3,13,1749.0,east
2020-03-13,2020,3,13,1554.0,west
2020-03-14,2020,3,14,1662.0,north
2020-03-14,2020,3,14,1557.0,south
2020-03-14,2020,3,14,1755.0,east
2020-03-14,2020,3,14,1758.0,west
2020-03-15,2020,3,15,1500.0,north
2020-03-15,2020,3,15,1665.0,south
2020-03-15,2020,3,15,1761.0,east
2020-03-15,2020,3,15,1626.0,west
2020-03-16,2020,3,16,1650.0,north
2020-03-16,2020,3,16,1722.0,south
2020-03-16,2020,3,16,1641.0,east
2020-03-16,2020,3,16,1611.0,west
2020-03-17,2020,3,17,1701.0,north
2020-03-17,2020,3,17,1701.0,south
2020-03-17,2020,3,17,1794.0,east
2020-03-17,2020,3,17,1509.0,west
2020-03-18,2020,3,18,1566.0,north
2020-03-18,2020,3,18,1716.0,south
2020-03-18,2020,3,18,1701.0,east
2020-03-18,2020,3,18,1605.0,west
2020-03-19,2020,3,19,1581.0,north
2020-03-19,2020,3,19,1797.0,south
2020-03-19,2020,3,19,1725.0,east
2020-03-19,2020,3,19,1554.0,west
2020-03-20,2020,3,20,1665.0,north
2020-03-20,2020,3,20,1641.0,south
2020-03-20,2020,3,20,1677.0,east
2020-03-20,2020,3,20,1707.0,west
2020-03-21,2020,3,21,1575.0,north
2020-03-21,2020,3,21,1674.0,south
2020-03-21,2020,3,21,1707.0,east
2020-03-21,2020,3,21,1710.0,west
2020-03-22,2020,3,22,1644.0,north
2020-03-22,2020,3,22,1668.0,south
2020-03-22,2020,3,22,1674.0,east
2020-03-22,2020,3,22,1737.0,west
2020-03-23,2020,3,23,1767.0,north
2020-03-23,2020,3,23,1620.0,south
2020-03-23,2020,3,23,1593.0,east
2020-03-23,2020,3,23,1542.0,west
2020-03-24,2020,3,24,1548.0,north
2020-03-24,2020,3,24,1662.0,south
2020-03-24,2020,3,24,1740.0,east
2020-03-24,2020,3,24,1572.0,west
2020-03-25,2020,3,25,1779.0,north
2020-03-25,2020,3,25,1770.0,south
2020-03-25,2020,3,25,1623.0,east
2020-03-25,2020,3,25,1575.0,west
2020-03-26,2020,3,26,1785.0,north
2020-03-26,2020,3,26,1671.0,south
2020-03-26,2020,3,26,1749.0,east
2020-03-26,2020,3,26,1791.0,west
2020-03-27,2020,3,27,1713.0,north
2020-03-27,2020,3,27,1623.0,south
2020-03-27,2020,3,27,1605.0,east
2020-03-27,2020,3,27,1566.0,west
2020-03-28,2020,3,28,1569.0,north
2020-03-28,2020,3,28,1605.0,south
2020-03-28,2020,3,28,1728.0,east
2020-03-28,2020,3,28,1665.0,west
2020-03-29,2020,3,29,1782.0,north
2020-03-29,2020,3,29,1800.0,south
2020-03-29,2020,3,29,1518.0,east
2020-03-29,2020,3,29,1800.0,west
2020-03-30,2020,3,30,1515.0,north
2020-03-30,2020,3,30,1764.0,south
2020-03-30,2020,3,30,1632.0,east
2020-03-30,2020,3,30,1608.0,west
2020-03-31,2020,3,31,1794.0,north
2020-03-31,2020,3,31,1635.0,south
2020-03-31,2020,3,31,1572.0,east
2020-03-31,2020,3,31,1629.0,west
2020-04-01,2020,4,1,1557.0,north
2020-04-01,2020,4,1,1536.0,south
2020-04-01,2020,4,1,1587.0,east
2020-04-01,2020,4,1,1728.0,west
2020-04-02,2020,4,2,1779.0,north
2020-04-02,2020,4,2,1773.0,south
2020-04-02,2020,4,2,1794.0,east
2020-04-02,2020,4,2,1503.0,west
2020-04-03,2020,4,3,1767.0,north
2020-04-03,2020,4,3,1743.0,south
2020-04-03,2020,4,3,1560.0,east
2020-04-03,2020,4,3,1746.0,west
2020-04-04,2020,4,4,1731.0,north
2020-04-04,2020,4,4,1692.0,south
2020-04-04,2020,4,4,1722.0,east
2020-04-04,2020,4,4,1563.0,west
2020-04-05,2020,4,5,1797.0,north
2020-04-05,2020,4,5,1755.0,south
2020-04-05,2020,4,5,1611.0,east
2020-04-05,2020,4,5,1635.0,west
2020-04-06,2020,4,6,1752.0,north
2020-04-06,2020,4,6,1749.0,south
2020-04-06,2020,4,6,1782.0,east
2020-04-06,2020,4,6,1521.0,west
2020-04-07,2020,4,7,1752.0,north
2020-04-07,2020,4,7,1686.0,south
2020-04-07,2020,4,7,1500.0,east
2020-04-07,2020,4,7,1785.0,west
2020-04-08,2020,4,8,1611.0,north
2020-04-08,2020,4,8,1794.0,south
2020-04-08,2020,4,8,1734.0,east
2020-04-08,2020,4,8,1659.0,west
2020-04-09,2020,4,9,1650.0,north
2020-04-09,2020,4,9,1587.0,south
2020-04-09,2020,4,9,1629.0,east
2020-04-09,2020,4,9,1506.0,west
2020-04-10,2020,4,10,1794.0,north
2020-04-10,2020,4,10,1551.0,south
2020-04-10,2020,4,10,1503.0,east
2020-04-10,2020,4,10,1776.0,west
2020-04-11,2020,4,11,1659.0,north
2020-04-11,2020,4,11,1590.0,south
2020-04-11,2020,4,11,1515.0,east
2020-04-11,2020,4,11,1506.0,west
2020-04-12,2020,4,12,1722.0,north
2020-04-12,2020,4,12,1512.0,south
2020-04-12,2020,4,12,1773.0,east
2020-04-12,2020,4,12,1635.0,west
2020-04-13,2020,4,13,1548.0,north
2020-04-13,2020,4,13,1692.0,south
2020-04-13,2020,4,13,1698.0,east
2020-04-13,2020,4,13,1755.0,west
2020-04-14,2020,4,14,1521.0,north
2020-04-14,2020,4,14,1593.0,south
2020-04-14,2020,4,14,1644.0,east
2020-04-14,2020,4,14,1587.0,west
2020-04-15,2020,4,15,1800.0,north
2020-04-15,2020,4,15,1788.0,south
2020-04-15,2020,4,15,1764.0,east
2020-04-15,2020,4,15,1650.0,west
2020-04-16,2020,4,16,1704.0,north
2020-04-16,2020,4,16,1659.0,south
2020-04-16,2020,4,16,1644.0,east
2020-04-16,2020,4,16,1500.0,west
2020-04-17,2020,4,17,1734.0,north
2020-04-17,2020,4,17,1617.0,south
2020-04-17,2020,4,17,1584.0,east
2020-04-17,2020,4,17,1569.0,west
2020-04-18,2020,4,18,1623.0,north
2020-04-18,2020,4,18,1500.0,south
2020-04-18,2020,4,18,1578.0,east
2020-04-18,2020,4,18,1590.0,west
2020-04-19,2020,4,19,1761.0,north
2020-04-19,2020,4,19,1728.0,south
2020-04-19,2020,4,19,1716.0,east
2020-04-19,2020,4,19,1704.0,west
2020-04-20,2020,4,20,1665.0,north
2020-04-20,2020,4,20,1515.0,south
2020-04-20,2020,4,20,1725.0,east
2020-04-20,2020,4,20,1695.0,west
2020-04-21,2020,4,21,1755.0,north
2020-04-21,2020,4,21,1521.0,south
2020-04-21,2020,4,21,1629.0,east
2020-04-21,2020,4,21,1686.0,west
2020-04-22,2020,4,22,1614.0,north
2020-04-22,2020,4,22,1614.0,south
2020-04-22,2020,4,22,1569.0,east
2020-04-22,2020,4,22,1527.0,west
2020-04-23,2020,4,23,1764.0,north
2020-04-23,2020,4,23,1524.0,south
2020-04-23,2020,4,23,1611.0,east
2020-04-23,2020,4,23,1785.0,west
2020-04-24,2020,4,24,1716.0,north
2020-04-24,2020,4,24,1692.0,south
2020-04-24,2020,4,24,1506.0,east
2020-04-24,2020,4,24,1533.0,west
2020-04-25,2020,4,25,1638.0,north
2020-04-25,2020,4,25,1638.0,south
2020-04-25,2020,4,25,1755.0,east
2020-04-25,2020,4,25,1545.0,west
2020-04-26,2020,4,26,1512.0,north
2020-04-26,2020,4,26,1593.0,south
2020-04-26,2020,4,26,1674.0,east
2020-04-26,2020,4,26,1719.0,west
2020-04-27,2020,4,27,1530.0,north
2020-04-27,2020,4,27,1593.0,south
2020-04-27,2020,4,27,1641.0,east
2020-04-27,2020,4,27,1575.0,west
2020-04-28,2020,4,28,1788.0,north
2020-04-28,2020,4,28,1749.0,south
2020-04-28,2020,4,28,1581.0,east
2020-04-28,2020,4,28,1524.0,west
2020-04-29,2020,4,29,1680.0,north
2020-04-29,2020,4,29,1674.0,south
2020-04-29,2020,4,29,1773.0,east
2020-04-29,2020,4,29,1674.0,west
2020-04-30,2020,4,30,1779.0,north
2020-04-30,2020,4,30,1569.0,south
2020-04-30,2020,4,30,1590.0,east
2020-04-30,2020,4,30,1689.0,west
2020-05-01,2020,5,1,1755.0,north
2020-05-01,2020,5,1,1752.0,south
2020-05-01,2020,5,1,1641.0,east
2020-05-01,2020,5,1,1605.0,west
2020-05-02,2020,5,2,1587.0,north
2020-05-02,2020,5,2,1521.0,south
2020-05-02,2020,5,2,1605.0,east
2020-05-02,2020,5,2,1557.0,west
2020-05-03,2020,5,3,1680.0,north
2020-05-03,2020,5,3,1566.0,south
2020-05-03,2020,5,3,1719.0,east
2020-05-03,2020,5,3,1563.0,west
2020-05-04,2020,5,4,1569.0,north
2020-05-04,2020,5,4,1608.0,south
2020-05-04,2020,5,4,1578.0,east
2020-05-04,2020,5,4,1641.0,west
2020-05-05,2020,5,5,1587.0,north
2020-05-05,2020,5,5,1674.0,south
2020-05-05,2020,5,5,1500.0,east
2020-05-05,2020,5,5,1686.0,west
2020-05-06,2020,5,6,1521.0,north
2020-05-06,2020,5,6,1683.0,south
2020-05-06,2020,5,6,1767.0,east
2020-05-06,2020,5,6,1776.0,west
2020-05-07,2020,5,7,1557.0,north
2020-05-07,2020,5,7,1623.0,south
2020-05-07,2020,5,7,1557.0,east
2020-05-07,2020,5,7,1746.0,west
2020-05-08,2020,5,8,1680.0,north
2020-05-08,2020,5,8,1587.0,south
2020-05-08,2020,5,8,1695.0,east
2020-05-08,2020,5,8,1629.0,west
2020-05-09,2020,5,9,1674.0,north
2020-05-09,2020,5,9,1620.0,south
2020-05-09,2020,5,9,1560.0,east
2020-05-09,2020,5,9,1590.0,west
2020-05-10,2020,5,10,1623.0,north
2020-05-10,2020,5,10,1689.0,south
2020-05-10,2020,5,10,1656.0,east
2020-05-10,2020,5,10,1695.0,west
2020-05-11,2020,5,11,1674.0,north
2020-05-11,2020,5,11,1554.0,south
2020-05-11,2020,5,11,1680.0,east
2020-05-11,2020,5,11,1575.0,west
2020-05-12,2020,5,12,1500.0,north
2020-05-12,2020,5,12,1791.0,south
2020-05-12,2020,5,12,1614.0,east
2020-05-12,2020,5,12,1695.0,west
2020-05-13,2020,5,13,1767.0,north
2020-05-13,2020,5,13,1725.0,south
2020-05-13,2020,5,13,1701.0,east
2020-05-13,2020,5,13,1629.0,west
2020-05-14,2020,5,14,1656.0,north
2020-05-14,2020,5,14,1713.0,south
2020-05-14,2020,5,14,1737.0,east
2020-05-14,2020,5,14,1671.0,west
2020-05-15,2020,5,15,1533.0,north
2020-05-15,2020,5,15,1644.0,south
2020-05-15,2020,5,15,1560.0,east
2020-05-15,2020,5,15,1740.0,west
2020-05-16,2020,5,16,1767.0,north
2020-05-16,2020,5,16,1791.0,south
2020-05-16,2020,5,16,1509.0,east
2020-05-16,2020,5,16,1614.0,west
2020-05-17,2020,5,17,1566.0,north
2020-05-17,2020,5,17,1758.0,south
2020-05-17,2020,5,17,1668.0,east
2020-05-17,2020,5,17,1707.0,west
2020-05-18,2020,5,18,1638.0,north
2020-05-18,2020,5,18,1596.0,south
2020-05-18,2020,5,18,1767.0,east
2020-05-18,2020,5,18,1683.0,west
2020-05-19,2020,5,19,1641.0,north
2020-05-19,2020,5,19,1713.0,south
2020-05-19,2020,5,19,1515.0,east
2020-05-19,2020,5,19,1602.0,west
2020-05-20,2020,5,20,1575.0,north
2020-05-20,2020,5,20,1791.0,south
2020-05-20,2020,5,20,1545.0,east
2020-05-20,2020,5,20,1686.0,west
2020-05-21,2020,5,21,1587.0,north
2020-05-21,2020,5,21,1791.0,south
2020-05-21,2020,5,21,1653.0,east
2020-05-21,2020,5,21,1671.0,west
2020-05-22,2020,5,22,1542.0,north
2020-05-22,2020,5,22,1686.0,south
2020-05-22,2020,5,22,1569.0,east
2020-05-22,2020,5,22,1518.0,west
2020-05-23,2020,5,23,1620.0,north
2020-05-23,2020,5,23,1536.0,south
2020-05-23,2020,5,23,1713.0,east
2020-05-23,2020,5,23,1788.0,west
2020-05-24,2020,5,24,1773.0,north
2020-05-24,2020,5,24,1785.0,south
2020-05-24,2020,5,24,1509.0,east
2020-05-24,2020,5,24,1713.0,west
2020-05-25,2020,5,25,1536.0,north
2020-05-25,2020,5,25,1704.0,south
2020-05-25,2020,5,25,1563.0,east
2020-05-25,2020,5,25,1539.0,west
2020-05-26,2020,5,26,1545.0,north
2020-05-26,2020,5,26,1530.0,south
2020-05-26,2020,5,26,1758.0,east
2020-05-26,2020,5,26,1656.0,west
2020-05-27,2020,5,27,1563.0,north
2020-05-27,2020,5,27,1758.0,south
2020-05-27,2020,5,27,1656.0,east
2020-05-27,2020,5,27,1707.0,west
2020-05-28,2020,5,28,1581.0,north
2020-05-28,2020,5,28,1569.0,south
2020-05-28,2020,5,28,1533.0,east
2020-05-28,2020,5,28,1566.0,west
2020-05-29,2020,5,29,1722.0,north
2020-05-29,2020,5,29,1602.0,south
2020-05-29,2020,5,29,1698.0,east
2020-05-29,2020,5,29,1566.0,west
2020-05-30,2020,5,30,1599.0,north
2020-05-30,2020,5,30,1788.0,south
2020-05-30,2020,5,30,1743.0,east
2020-05-30,2020,5,30,1647.0,west
2020-05-31,2020,5,31,1566.0,north
2020-05-31,2020,5,31,1608.0,south
2020-05-31,2020,5,31,1791.0,east
2020-05-31,2020,5,31,1764.0,west
2020-06-01,2020,6,1,1752.0,north
2020-06-01,2020,6,1,1608.0,south
2020-06-01,2020,6,1,1554.0,east
2020-06-01,2020,6,1,1710.0,west
2020-06-02,2020,6,2,1677.0,north
2020-06-02,2020,6,2,1794.0,south
2020-06-02,2020,6,2,1800.0,east
2020-06-02,2020,6,2,1767.0,west
2020-06-03,2020,6,3,1782.0,north
2020-06-03,2020,6,3,1584.0,south
2020-06-03,2020,6,3,1545.0,east
2020-06-03,2020,6,3,1617.0,west
2020-06-04,2020,6,4,1644.0,north
2020-06-04,2020,6,4,1527.0,south
2020-06-04,2020,6,4,1707.0,east
2020-06-04,2020,6,4,1773.0,west
2020-06-05,2020,6,5,1587.0,north
2020-06-05,2020,6,5,1632.0,south
2020-06-05,2020,6,5,1569.0,east
2020-06-05,2020,6,5,1566.0,west
2020-06-06,2020,6,6,1683.0,north
2020-06-06,2020,6,6,1689.0,south
2020-06-06,2020,6,6,1704.0,east
2020-06-06,2020,6,6,1749.0,west
2020-06-07,2020,6,7,1620.0,north
2020-06-07,2020,6,7,1650.0,south
2020-06-07,2020,6,7,1743.0,east
2020-06-07,2020,6,7,1674.0,west
2020-06-08,2020,6,8,1527.0,north
2020-06-08,2020,6,8,1638.0,south
2020-06-08,2020,6,8,1584.0,east
2020-06-08,2020,6,8,1695.0,west
2020-06-09,2020,6,9,1503.0,north
2020-06-09,2020,6,9,1569.0,south
2020-06-09,2020,6,9,1572.0,east
2020-06-09,2020,6,9,1593.0,west
2020-06-10,2020,6,10,1761.0,north
2020-06-10,2020,6,10,1512.0,south
2020-06-10,2020,6,10,1617.0,east
2020-06-10,2020,6,10,1593.0,west
2020-06-11,2020,6,11,1590.0,north
2020-06-11,2020,6,11,1611.0,south
2020-06-11,2020,6,11,1719.0,east
2020-06-11,2020,6,11,1719.0,west
2020-06-12,2020,6,12,1512.0,north
2020-06-12,2020,6,12,1776.0,south
2020-06-12,2020,6,12,1575.0,east
2020-06-12,2020,6,12,1746.0,west
2020-06-13,2020,6,13,1581.0,north
2020-06-13,2020,6,13,1689.0,south
2020-06-13,2020,6,13,1776.0,east
2020-06-13,2020,6,13,1560.0,west
2020-06-14,2020,6,14,1734.0,north
2020-06-14,2020,6,14,1788.0,south
2020-06-14,2020,6,14,1743.0,east
2020-06-14,2020,6,14,1719.0,west
2020-06-15,2020,6,15,1542.0,north
2020-06-15,2020,6,15,1758.0,south
2020-06-15,2020,6,15,1674.0,east
2020-06-15,2020,6,15,1584.0,west
2020-06-16,2020,6,16,1668.0,north
2020-06-16,2020,6,16,1620.0,south
2020-06-16,2020,6,16,1695.0,east
2020-06-16,2020,6,16,1638.0,west
2020-06-17,2020,6,17,1554.0,north
2020-06-17,2020,6,17,1659.0,south
2020-06-17,2020,6,17,1734.0,east
2020-06-17,2020,6,17,1527.0,west
2020-06-18,2020,6,18,1611.0,north
2020-06-18,2020,6,18,1734.0,south
2020-06-18,2020,6,18,1743.0,east
2020-06-18,2020,6,18,1557.0,west
2020-06-19,2020,6,19,1800.0,north
2020-06-19,2020,6,19,1536.0,south
2020-06-19,2020,6,19,1578.0,east
2020-06-19,2020,6,19,1515.0,west
2020-06-20,2020,6,20,1647.0,north
2020-06-20,2020,6,20,1641.0,south
2020-06-20,2020,6,20,1614.0,east
2020-06-20,2020,6,20,1518.0,west
2020-06-21,2020,6,21,1755.0,north
2020-06-21,2020,6,21,1620.0,south
2020-06-21,2020,6,21,1725.0,east
2020-06-21,2020,6,21,1668.0,west
2020-06-22,2020,6,22,1761.0,north
2020-06-22,2020,6,22,1542.0,south
2020-06-22,2020,6,22,1539.0,east
2020-06-22,2020,6,22,1524.0,west
2020-06-23,2020,6,23,1767.0,north
2020-06-23,2020,6,23,1581.0,south
2020-06-23,2020,6,23,1770.0,east
2020-06-23,2020,6,23,1758.0,west
2020-06-24,2020,6,24,1617.0,north
2020-06-24,2020,6,24,1518.0,south
2020-06-24,2020,6,24,1791.0,east
2020-06-24,2020,6,24,1695.0,west
2020-06-25,2020,6,25,1503.0,north
2020-06-25,2020,6,25,1794.0,south
2020-06-25,2020,6,25,1638.0,east
2020-06-25,2020,6,25,1536.0,west
2020-06-26,2020,6,26,1707.0,north
2020-06-26,2020,6,26,1578.0,south
2020-06-26,2020,6,26,1719.0,east
2020-06-26,2020,6,26,1728.0,west
2020-06-27,2020,6,27,1644.0,north
2020-06-27,2020,6,27,1527.0,south
2020-06-27,2020,6,27,1578.0,east
2020-06-27,2020,6,27,1623.0,west
2020-06-28,2020,6,28,1608.0,north
2020-06-28,2020,6,28,1779.0,south
2020-06-28,2020,6,28,1689.0,east
2020-06-28,2020,6,28,1629.0,west
2020-06-29,2020,6,29,1722.0,north
2020-06-29,2020,6,29,1662.0,south
2020-06-29,2020,6,29,1662.0,east
2020-06-29,2020,6,29,1503.0,west
2020-06-30,2020,6,30,1794.0,north
2020-06-30,2020,6,30,1572.0,south
2020-06-30,2020,6,30,1668.0,east
2020-06-30,2020,6,30,1647.0,west
2020-07-01,2020,7,1,1632.0,north
2020-07-01,2020,7,1,1578.0,south
2020-07-01,2020,7,1,1650.0,east
2020-07-01,2020,7,1,1797.0,west
2020-07-02,2020,7,2,1734.0,north
2020-07-02,2020,7,2,1734.0,south
2020-07-02,2020,7,2,1581.0,east
2020-07-02,2020,7,2,1665.0,west
2020-07-03,2020,7,3,1695.0,north
2020-07-03,2020,7,3,1701.0,south
2020-07-03,2020,7,3,1584.0,east
2020-07-03,2020,7,3,1518.0,west
2020-07-04,2020,7,4,1737.0,north
2020-07-04,2020,7,4,1656.0,south
2020-07-04,2020,7,4,1695.0,east
2020-07-04,2020,7,4,1563.0,west
2020-07-05,2020,7,5,1788.0,north
2020-07-05,2020,7,5,1746.0,south
2020-07-05,2020,7,5,1647.0,east
2020-07-05,2020,7,5,1527.0,west
2020-07-06,2020,7,6,1548.0,north
2020-07-06,2020,7,6,1572.0,south
2020-07-06,2020,7,6,1569.0,east
2020-07-06,2020,7,6,1527.0,west
2020-07-07,2020,7,7,1500.0,north
2020-07-07,2020,7,7,1791.0,south
2020-07-07,2020,7,7,1656.0,east
2020-07-07,2020,7,7,1743.0,west
2020-07-08,2020,7,8,1563.0,north
2020-07-08,2020,7,8,1722.0,south
2020-07-08,2020,7,8,1758.0,east
2020-07-08,2020,7,8,1524.0,west
2020-07-09,2020,7,9,1788.0,north
2020-07-09,2020,7,9,1713.0,south
2020-07-09,2020,7,9,1596.0,east
2020-07-09,2020,7,9,1716.0,west
2020-07-10,2020,7,10,1587.0,north
2020-07-10,2020,7,10,1509.0,south
2020-07-10,2020,7,10,1698.0,east
2020-07-10,2020,7,10,1515.0,west
2020-07-11,2020,7,11,1500.0,north
2020-07-11,2020,7,11,1689.0,south
2020-07-11,2020,7,11,1554.0,east
2020-07-11,2020,7,11,1509.0,west
2020-07-12,2020,7,12,1746.0,north
2020-07-12,2020,7,12,1572.0,south
2020-07-12,2020,7,12,1773.0,east
2020-07-12,2020,7,12,1596.0,west
2020-07-13,2020,7,13,1680.0,north
2020-07-13,2020,7,13,1764.0,south
2020-07-13,2020,7,13,1782.0,east
2020-07-13,2020,7,13,1728.0,west
2020-07-14,2020,7,14,1557.0,north
2020-07-14,2020,7,14,1515.0,south
2020-07-14,2020,7,14,1695.0,east
2020-07-14,2020,7,14,1500.0,west
2020-07-15,2020,7,15,1542.0,north
2020-07-15,2020,7,15,1740.0,south
2020-07-15,2020,7,15,1647.0,east
2020-07-15,2020,7,15,1596.0,west
2020-07-16,2020,7,16,1515.0,north
2020-07-16,2020,7,16,1731.0,south
2020-07-16,2020,7,16,1605.0,east
2020-07-16,2020,7,16,1791.0,west
2020-07-17,2020,7,17,1794.0,north
2020-07-17,2020,7,17,1677.0,south
2020-07-17,2020,7,17,1641.0,east
2020-07-17,2020,7,17,1773.0,west
2020-07-18,2020,7,18,1623.0,north
2020-07-18,2020,7,18,1707.0,south
2020-07-18,2020,7,18,1749.0,east
2020-07-18,2020,7,18,1797.0,west
2020-07-19,2020,7,19,1614.0,north
2020-07-19,2020,7,19,1653.0,south
2020-07-19,2020,7,19,1674.0,east
2020-07-19,2020,7,19,1779.0,west
2020-07-20,2020,7,20,1797.0,north
2020-07-20,2020,7,20,1560.0,south
2020-07-20,2020,7,20,1638.0,east
2020-07-20,2020,7,20,1716.0,west
2020-07-21,2020,7,21,1572.0,north
2020-07-21,2020,7,21,1767.0,south
2020-07-21,2020,7,21,1689.0,east
2020-07-21,2020,7,21,1734.0,west
2020-07-22,2020,7,22,1668.0,north
2020-07-22,2020,7,22,1728.0,south
2020-07-22,2020,7,22,1668.0,east
2020-07-22,2020,7,22,1584.0,west
2020-07-23,2020,7,23,1692.0,north
2020-07-23,2020,7,23,1710.0,south
2020-07-23,2020,7,23,1758.0,east
2020-07-23,2020,7,23,1545.0,west
2020-07-24,2020,7,24,1530.0,north
2020-07-24,2020,7,24,1530.0,south
2020-07-24,2020,7,24,1575.0,east
2020-07-24,2020,7,24,1776.0,west
2020-07-25,2020,7,25,1794.0,north
2020-07-25,2020,7,25,1647.0,south
2020-07-25,2020,7,25,1611.0,east
2020-07-25,2020,7,25,1704.0,west
2020-07-26,2020,7,26,1569.0,north
2020-07-26,2020,7,26,1659.0,south
2020-07-26,2020,7,26,1575.0,east
2020-07-26,2020,7,26,1788.0,west
2020-07-27,2020,7,27,1602.0,north
2020-07-27,2020,7,27,1620.0,south
2020-07-27,2020,7,27,1530.0,east
2020-07-27,2020,7,27,1608.0,west
2020-07-28,2020,7,28,1800.0,north
2020-07-28,2020,7,28,1506.0,south
2020-07-28,2020,7,28,1608.0,east
2020-07-28,2020,7,28,1581.0,west
2020-07-29,2020,7,29,1533.0,north
2020-07-29,2020,7,29,1686.0,south
2020-07-29,2020,7,29,1773.0,east
2020-07-29,2020,7,29,1644.0,west
2020-07-30,2020,7,30,1722.0,north
2020-07-30,2020,7,30,1584.0,south
2020-07-30,2020,7,30,1596.0,east
2020-07-30,2020,7,30,1512.0,west
2020-07-31,2020,7,31,1527.0,north
2020-07-31,2020,7,31,1530.0,south
2020-07-31,2020,7,31,1533.0,east
2020-07-31,2020,7,31,1530.0,west
2020-08-01,2020,8,1,1788.0,north
2020-08-01,2020,8,1,1596.0,south
2020-08-01,2020,8,1,1680.0,east
2020-08-01,2020,8,1,1671.0,west
2020-08-02,2020,8,2,1656.0,north
2020-08-02,2020,8,2,1716.0,south
2020-08-02,2020,8,2,1623.0,east
2020-08-02,2020,8,2,1596.0,west
2020-08-03,2020,8,3,1665.0,north
2020-08-03,2020,8,3,1650.0,south
2020-08-03,2020,8,3,1503.0,east
2020-08-03,2020,8,3,1665.0,west
2020-08-04,2020,8,4,1539.0,north
2020-08-04,2020,8,4,1659.0,south
2020-08-04,2020,8,4,1602.0,east
2020-08-04,2020,8,4,1719.0,west
2020-08-05,2020,8,5,1749.0,north
2020-08-05,2020,8,5,1548.0,south
2020-08-05,2020,8,5,1653.0,east
2020-08-05,2020,8,5,1662.0,west
2020-08-06,2020,8,6,1770.0,north
2020-08-06,2020,8,6,1710.0,south
2020-08-06,2020,8,6,1509.0,east
2020-08-06,2020,8,6,1545.0,west
2020-08-07,2020,8,7,1740.0,north
2020-08-07,2020,8,7,1524.0,south
2020-08-07,2020,8,7,1641.0,east
2020-08-07,2020,8,7,1710.0,west
2020-08-08,2020,8,8,1728.0,north
2020-08-08,2020,8,8,1695.0,south
2020-08-08,2020,8,8,1716.0,east
2020-08-08,2020,8,8,1785.0,west
2020-08-09,2020,8,9,1617.0,north
2020-08-09,2020,8,9,1752.0,south
2020-08-09,2020,8,9,1734.0,east
2020-08-09,2020,8,9,1521.0,west
2020-08-10,2020,8,10,1545.0,north
2020-08-10,2020,8,10,1722.0,south
2020-08-10,2020,8,10,1647.0,east
2020-08-10,2020,8,10,1530.0,west
2020-08-11,2020,8,11,1632.0,north
2020-08-11,2020,8,11,1620.0,south
2020-08-11,2020,8,11,1551.0,east
2020-08-11,2020,8,11,1557.0,west
2020-08-12,2020,8,12,1737.0,north
2020-08-12,2020,8,12,1749.0,south
2020-08-12,2020,8,12,1704.0,east
2020-08-12,2020,8,12,1671.0,west
2020-08-13,2020,8,13,1500.0,north
2020-08-13,2020,8,13,1500.0,south
2020-08-13,2020,8,13,1701.0,east
2020-08-13,2020,8,13,1785.0,west
2020-08-14,2020,8,14,1542.0,north
2020-08-14,2020,8,14,1791.0,south
2020-08-14,2020,8,14,1716.0,east
2020-08-14,2020,8,14,1665.0,west
2020-08-15,2020,8,15,1740.0,north
2020-08-15,2020,8,15,1632.0,south
2020-08-15,2020,8,15,1560.0,east
2020-08-15,2020,8,15,1689.0,west
2020-08-16,2020,8,16,1749.0,north
2020-08-16,2020,8,16,1605.0,south
2020-08-16,2020,8,16,1629.0,east
2020-08-16,2020,8,16,1728.0,west
2020-08-17,2020,8,17,1554.0,north
2020-08-17,2020,8,17,1629.0,south
2020-08-17,2020,8,17,1698.0,east
2020-08-17,2020,8,17,1635.0,west
2020-08-18,2020,8,18,1761.0,north
2020-08-18,2020,8,18,1566.0,south
2020-08-18,2020,8,18,1692.0,east
2020-08-18,2020,8,18,1563.0,west
2020-08-19,2020,8,19,1662.0,north
2020-08-19,2020,8,19,1635.0,south
2020-08-19,2020,8,19,1674.0,east
2020-08-19,2020,8,19,1602.0,west
2020-08-20,2020,8,20,1686.0,north
2020-08-20,2020,8,20,1506.0,south
2020-08-20,2020,8,20,1515.0,east
2020-08-20,2020,8,20,1779.0,west
2020-08-21,2020,8,21,1557.0,north
2020-08-21,2020,8,21,1551.0,south
2020-08-21,2020,8,21,1521.0,east
2020-08-21,2020,8,21,1710.0,west
2020-08-22,2020,8,22,1563.0,north
2020-08-22,2020,8,22,1683.0,south
2020-08-22,2020,8,22,1791.0,east
2020-08-22,2020,8,22,1773.0,west
2020-08-23,2020,8,23,1716.0,north
2020-08-23,2020,8,23,1731.0,south
2020-08-23,2020,8,23,1593.0,east
2020-08-23,2020,8,23,1788.0,west
2020-08-24,2020,8,24,1785.0,north
2020-08-24,2020,8,24,1647.0,south
2020-08-24,2020,8,24,1755.0,east
2020-08-24,2020,8,24,1665.0,west
2020-08-25,2020,8,25,1545.0,north
2020-08-25,2020,8,25,1755.0,south
2020-08-25,2020,8,25,1605.0,east
2020-08-25,2020,8,25,1548.0,west
2020-08-26,2020,8,26,1533.0,north
2020-08-26,2020,8,26,1752.0,south
2020-08-26,2020,8,26,1758.0,east
2020-08-26,2020,8,26,1767.0,west
2020-08-27,2020,8,27,1761.0,north
2020-08-27,2020,8,27,1671.0,south
2020-08-27,2020,8,27,1551.0,east
2020-08-27,2020,8,27,1686.0,west
2020-08-28,2020,8,28,1788.0,north
2020-08-28,2020,8,28,1551.0,south
2020-08-28,2020,8,28,1554.0,east
2020-08-28,2020,8,28,1623.0,west
2020-08-29,2020,8,29,1698.0,north
2020-08-29,2020,8,29,1659.0,south
2020-08-29,2020,8,29,1593.0,east
2020-08-29,2020,8,29,1674.0,west
2020-08-30,2020,8,30,1800.0,north
2020-08-30,2020,8,30,1554.0,south
2020-08-30,2020,8,30,1713.0,east
2020-08-30,2020,8,30,1611.0,west
2020-08-31,2020,8,31,1797.0,north
2020-08-31,2020,8,31,1581.0,south
2020-08-31,2020,8,31,1623.0,east
2020-08-31,2020,8,31,1515.0,west
2020-09-01,2020,9,1,1797.0,north
2020-09-01,2020,9,1,1704.0,south
2020-09-01,2020,9,1,1539.0,east
2020-09-01,2020,9,1,1617.0,west
2020-09-02,2020,9,2,1737.0,north
2020-09-02,2020,9,2,1635.0,south
2020-09-02,2020,9,2,1671.0,east
2020-09-02,2020,9,2,1632.0,west
2020-09-03,2020,9,3,1575.0,north
2020-09-03,2020,9,3,1713.0,south
2020-09-03,2020,9,3,1581.0,east
2020-09-03,2020,9,3,1719.0,west
2020-09-04,2020,9,4,1533.0,north
2020-09-04,2020,9,4,1539.0,south
2020-09-04,2020,9,4,1569.0,east
2020-09-04,2020,9,4,1743.0,west
2020-09-05,2020,9,5,1620.0,north
2020-09-05,2020,9,5,1743.0,south
2020-09-05,2020,9,5,1563.0,east
2020-09-05,2020,9,5,1764.0,west
2020-09-06,2020,9,6,1638.0,north
2020-09-06,2020,9,6,1734.0,south
2020-09-06,2020,9,6,1794.0,east
2020-09-06,2020,9,6,1782.0,west
2020-09-07,2020,9,7,1509.0,north
2020-09-07,2020,9,7,1749.0,south
2020-09-07,2020,9,7,1608.0,east
2020-09-07,2020,9,7,1794.0,west
2020-09-08,2020,9,8,1710.0,north
2020-09-08,2020,9,8,1536.0,south
2020-09-08,2020,9,8,1539.0,east
2020-09-08,2020,9,8,1512.0,west
2020-09-09,2020,9,9,1578.0,north
2020-09-09,2020,9,9,1575.0,south
2020-09-09,2020,9,9,1551.0,east
2020-09-09,2020,9,9,1650.0,west
2020-09-10,2020,9,10,1662.0,north
2020-09-10,2020,9,10,1767.0,south
2020-09-10,2020,9,10,1596.0,east
2020-09-10,2020,9,10,1710.0,west
2020-09-11,2020,9,11,1764.0,north
2020-09-11,2020,9,11,1722.0,south
2020-09-11,2020,9,11,1611.0,east
2020-09-11,2020,9,11,1656.0,west
2020-09-12,2020,9,12,1602.0,north
2020-09-12,2020,9,12,1686.0,south
2020-09-12,2020,9,12,1599.0,east
2020-09-12,2020,9,12,1800.0,west
2020-09-13,2020,9,13,1503.0,north
2020-09-13,2020,9,13,1554.0,south
2020-09-13,2020,9,13,1554.0,east
2020-09-13,2020,9,13,1575.0,west
2020-09-14,2020,9,14,1647.0,north
2020-09-14,2020,9,14,1776.0,south
2020-09-14,2020,9,14,1788.0,east
2020-09-14,2020,9,14,1791.0,west
2020-09-15,2020,9,15,1542.0,north
2020-09-15,2020,9,15,1782.0,south
2020-09-15,2020,9,15,1620.0,east
2020-09-15,2020,9,15,1641.0,west
2020-09-16,2020,9,16,1590.0,north
2020-09-16,2020,9,16,1734.0,south
2020-09-16,2020,9,16,1710.0,east
2020-09-16,2020,9,16,1641.0,west
2020-09-17,2020,9,17,1611.0,north
2020-09-17,2020,9,17,1581.0,south
2020-09-17,2020,9,17,1596.0,east
2020-09-17,2020,9,17,1539.0,west
2020-09-18,2020,9,18,1764.0,north
2020-09-18,2020,9,18,1584.0,south
2020-09-18,2020,9,18,1701.0,east
2020-09-18,2020,9,18,1518.0,west
2020-09-19,2020,9,19,1692.0,north
2020-09-19,2020,9,19,1743.0,south
2020-09-19,2020,9,19,1737.0,east
2020-09-19,2020,9,19,1590.0,west
2020-09-20,2020,9,20,1623.0,north
2020-09-20,2020,9,20,1521.0,south
2020-09-20,2020,9,20,1590.0,east
2020-09-20,2020,9,20,1677.0,west
2020-09-21,2020,9,21,1776.0,north
2020-09-21,2020,9,21,1629.0,south
2020-09-21,2020,9,21,1776.0,east
2020-09-21,2020,9,21,1728.0,west
2020-09-22,2020,9,22,1776.0,north
2020-09-22,2020,9,22,1629.0,south
2020-09-22,2020,9,22,1539.0,east
2020-09-22,2020,9,22,1563.0,west
2020-09-23,2020,9,23,1506.0,north
2020-09-23,2020,9,23,1698.0,south
2020-09-23,2020,9,23,1734.0,east
2020-09-23,2020,9,23,1557.0,west
2020-09-24,2020,9,24,1527.0,north
2020-09-24,2020,9,24,1761.0,south
2020-09-24,2020,9,24,1560.0,east
2020-09-24,2020,9,24,1650.0,west
2020-09-25,2020,9,25,1533.0,north
2020-09-25,2020,9,25,1602.0,south
2020-09-25,2020,9,25,1743.0,east
2020-09-25,2020,9,25,1617.0,west
2020-09-26,2020,9,26,1536.0,north
2020-09-26,2020,9,26,1773.0,south
2020-09-26,2020,9,26,1521.0,east
2020-09-26,2020,9,26,1542.0,west
2020-09-27,2020,9,27,1737.0,north
2020-09-27,2020,9,27,1509.0,south
2020-09-27,2020,9,27,1626.0,east
2020-09-27,2020,9,27,1584.0,west
2020-09-28,2020,9,28,1671.0,north
2020-09-28,2020,9,28,1680.0,south
2020-09-28,2020,9,28,1599.0,east
2020-09-28,2020,9,28,1776.0,west
2020-09-29,2020,9,29,1674.0,north
2020-09-29,2020,9,29,1728.0,south
2020-09-29,2020,9,29,1551.0,east
2020-09-29,2020,9,29,1641.0,west
2020-09-30,2020,9,30,1614.0,north
2020-09-30,2020,9,30,1773.0,south
2020-09-30,2020,9,30,1509.0,east
2020-09-30,2020,9,30,1740.0,west
2020-10-01,2020,10,1,1614.0,north
2020-10-01,2020,10,1,1599.0,south
2020-10-01,2020,10,1,1785.0,east
2020-10-01,2020,10,1,1506.0,west
2020-10-02,2020,10,2,1689.0,north
2020-10-02,2020,10,2,1659.0,south
2020-10-02,2020,10,2,1785.0,east
2020-10-02,2020,10,2,1701.0,west
2020-10-03,2020,10,3,1515.0,north
2020-10-03,2020,10,3,1545.0,south
2020-10-03,2020,10,3,1599.0,east
2020-10-03,2020,10,3,1512.0,west
2020-10-04,2020,10,4,1524.0,north
2020-10-04,2020,10,4,1779.0,south
2020-10-04,2020,10,4,1500.0,east
2020-10-04,2020,10,4,1755.0,west
2020-10-05,2020,10,5,1773.0,north
2020-10-05,2020,10,5,1743.0,south
2020-10-05,2020,10,5,1662.0,east
2020-10-05,2020,10,5,1596.0,west
2020-10-06,2020,10,6,1788.0,north
2020-10-06,2020,10,6,1503.0,south
2020-10-06,2020,10,6,1779.0,east
2020-10-06,2020,10,6,1563.0,west
2020-10-07,2020,10,7,1554.0,north
2020-10-07,2020,10,7,1734.0,south
2020-10-07,2020,10,7,1629.0,east
2020-10-07,2020,10,7,1608.0,west
2020-10-08,2020,10,8,1794.0,north
2020-10-08,2020,10,8,1674.0,south
2020-10-08,2020,10,8,1662.0,east
2020-10-08,2020,10,8,1788.0,west
2020-10-09,2020,10,9,1536.0,north
2020-10-09,2020,10,9,1521.0,south
2020-10-09,2020,10,9,1656.0,east
2020-10-09,2020,10,9,1551.0,west
2020-10-10,2020,10,10,1593.0,north
2020-10-10,2020,10,10,1590.0,south
2020-10-10,2020,10,10,1671.0,east
2020-10-10,2020,10,10,1707.0,west
2020-10-11,2020,10,11,1569.0,north
2020-10-11,2020,10,11,1773.0,south
2020-10-11,2020,10,11,1674.0,east
2020-10-11,2020,10,11,1536.0,west
2020-10-12,2020,10,12,1677.0,north
2020-10-12,2020,10,12,1605.0,south
2020-10-12,2020,10,12,1653.0,east
2020-10-12,2020,10,12,1749.0,west
2020-10-13,2020,10,13,1578.0,north
2020-10-13,2020,10,13,1638.0,south
2020-10-13,2020,10,13,1515.0,east
2020-10-13,2020,10,13,1683.0,west
2020-10-14,2020,10,14,1680.0,north
2020-10-14,2020,10,14,1755.0,south
2020-10-14,2020,10,14,1584.0,east
2020-10-14,2020,10,14,1590.0,west
2020-10-15,2020,10,15,1518.0,north
2020-10-15,2020,10,15,1701.0,south
2020-10-15,2020,10,15,1716.0,east
2020-10-15,2020,10,15,1563.0,west
2020-10-16,2020,10,16,1638.0,north
2020-10-16,2020,10,16,1689.0,south
2020-10-16,2020,10,16,1515.0,east
2020-10-16,2020,10,16,1632.0,west
2020-10-17,2020,10,17,1509.0,north
2020-10-17,2020,10,17,1791.0,south
2020-10-17,2020,10,17,1509.0,east
2020-10-17,2020,10,17,1776.0,west
2020-10-18,2020,10,18,1524.0,north
2020-10-18,2020,10,18,1716.0,south
2020-10-18,2020,10,18,1578.0,east
2020-10-18,2020,10,18,1713.0,west
2020-10-19,2020,10,19,1656.0,north
2020-10-19,2020,10,19,1725.0,south
2020-10-19,2020,10,19,1554.0,east
2020-10-19,2020,10,19,1524.0,west
2020-10-20,2020,10,20,1569.0,north
2020-10-20,2020,10,20,1758.0,south
2020-10-20,2020,10,20,1758.0,east
2020-10-20,2020,10,20,1614.0,west
2020-10-21,2020,10,21,1740.0,north
2020-10-21,2020,10,21,1521.0,south
2020-10-21,2020,10,21,1722.0,east
2020-10-21,2020,10,21,1605.0,west
2020-10-22,2020,10,22,1749.0,north
2020-10-22,2020,10,22,1638.0,south
2020-10-22,2020,10,22,1710.0,east
2020-10-22,2020,10,22,1668.0,west
2020-10-23,2020,10,23,1635.0,north
2020-10-23,2020,10,23,1533.0,south
2020-10-23,2020,10,23,1635.0,east
2020-10-23,2020,10,23,1575.0,west
2020-10-24,2020,10,24,1737.0,north
2020-10-24,2020,10,24,1593.0,south
2020-10-24,2020,10,24,1707.0,east
2020-10-24,2020,10,24,1536.0,west
2020-10-25,2020,10,25,1689.0,north
2020-10-25,2020,10,25,1680.0,south
2020-10-25,2020,10,25,1605.0,east
2020-10-25,2020,10,25,1617.0,west
2020-10-26,2020,10,26,1746.0,north
2020-10-26,2020,10,26,1518.0,south
2020-10-26,2020,10,26,1656.0,east
2020-10-26,2020,10,26,1542.0,west
2020-10-27,2020,10,27,1581.0,north
2020-10-27,2020,10,27,1716.0,south
2020-10-27,2020,10,27,1683.0,east
2020-10-27,2020,10,27,1518.0,west
2020-10-28,2020,10,28,1746.0,north
2020-10-28,2020,10,28,1587.0,south
2020-10-28,2020,10,28,1644.0,east
2020-10-28,2020,10,28,1731.0,west
2020-10-29,2020,10,29,1770.0,north
2020-10-29,2020,10,29,1692.0,south
2020-10-29,2020,10,29,1557.0,east
2020-10-29,2020,10,29,1524.0,west
2020-10-30,2020,10,30,1773.0,north
2020-10-30,2020,10,30,1689.0,south
2020-10-30,2020,10,30,1776.0,east
2020-10-30,2020,10,30,1686.0,west
2020-10-31,2020,10,31,1581.0,north
2020-10-31,2020,10,31,1758.0,south
2020-10-31,2020,10,31,1755.0,east
2020-10-31,2020,10,31,1668.0,west
2020-11-01,2020,11,1,1665.0,north
2020-11-01,2020,11,1,1551.0,south
2020-11-01,2020,11,1,1770.0,east
2020-11-01,2020,11,1,1593.0,west
2020-11-02,2020,11,2,1734.0,north
2020-11-02,2020,11,2,1500.0,south
2020-11-02,2020,11,2,1740.0,east
2020-11-02,2020,11,2,1686.0,west
2020-11-03,2020,11,3,1551.0,north
2020-11-03,2020,11,3,1752.0,south
2020-11-03,2020,11,3,1746.0,east
2020-11-03,2020,11,3,1581.0,west
2020-11-04,2020,11,4,1773.0,north
2020-11-04,2020,11,4,1788.0,south
2020-11-04,2020,11,4,1545.0,east
2020-11-04,2020,11,4,1506.0,west
2020-11-05,2020,11,5,1644.0,north
2020-11-05,2020,11,5,1605.0,south
2020-11-05,2020,11,5,1686.0,east
2020-11-05,2020,11,5,1539.0,west
2020-11-06,2020,11,6,1725.0,north
2020-11-06,2020,11,6,1599.0,south
2020-11-06,2020,11,6,1659.0,east
2020-11-06,2020,11,6,1575.0,west
2020-11-07,2020,11,7,1653.0,north
2020-11-07,2020,11,7,1641.0,south
2020-11-07,2020,11,7,1587.0,east
2020-11-07,2020,11,7,1758.0,west
2020-11-08,2020,11,8,1785.0,north
2020-11-08,2020,11,8,1695.0,south
2020-11-08,2020,11,8,1581.0,east
2020-11-08,2020,11,8,1734.0,west
2020-11-09,2020,11,9,1788.0,north
2020-11-09,2020,11,9,1593.0,south
2020-11-09,2020,11,9,1593.0,east
2020-11-09,2020,11,9,1512.0,west
2020-11-10,2020,11,10,1638.0,north
2020-11-10,2020,11,10,1734.0,south
2020-11-10,2020,11,10,1695.0,east
2020-11-10,2020,11,10,1638.0,west
2020-11-11,2020,11,11,1695.0,north
2020-11-11,2020,11,11,1533.0,south
2020-11-11,2020,11,11,1731.0,east
2020-11-11,2020,11,11,1689.0,west
2020-11-12,2020,11,12,1713.0,north
2020-11-12,2020,11,12,1596.0,south
2020-11-12,2020,11,12,1686.0,east
2020-11-12,2020,11,12,1515.0,west
2020-11-13,2020,11,13,1581.0,north
2020-11-13,2020,11,13,1521.0,south
2020-11-13,2020,11,13,1677.0,east
2020-11-13,2020,11,13,1635.0,west
2020-11-14,2020,11,14,1749.0,north
2020-11-14,2020,11,14,1542.0,south
2020-11-14,2020,11,14,1602.0,east
2020-11-14,2020,11,14,1557.0,west
2020-11-15,2020,11,15,1686.0,north
2020-11-15,2020,11,15,1638.0,south
2020-11-15,2020,11,15,1794.0,east
2020-11-15,2020,11,15,1659.0,west
2020-11-16,2020,11,16,1773.0,north
2020-11-16,2020,11,16,1671.0,south
2020-11-16,2020,11,16,1626.0,east
2020-11-16,2020,11,16,1725.0,west
2020-11-17,2020,11,17,1686.0,north
2020-11-17,2020,11,17,1521.0,south
2020-11-17,2020,11,17,1734.0,east
2020-11-17,2020,11,17,1530.0,west
2020-11-18,2020,11,18,1698.0,north
2020-11-18,2020,11,18,1770.0,south
2020-11-18,2020,11,18,1752.0,east
2020-11-18,2020,11,18,1662.0,west
2020-11-19,2020,11,19,1566.0,north
2020-11-19,2020,11,19,1590.0,south
2020-11-19,2020,11,19,1635.0,east
2020-11-19,2020,11,19,1698.0,west
2020-11-20,2020,11,20,1683.0,north
2020-11-20,2020,11,20,1653.0,south
2020-11-20,2020,11,20,1527.0,east
2020-11-20,2020,11,20,1524.0,west
2020-11-21,2020,11,21,1593.0,north
2020-11-21,2020,11,21,1656.0,south
2020-11-21,2020,11,21,1623.0,east
2020-11-21,2020,11,21,1638.0,west
2020-11-22,2020,11,22,1596.0,north
2020-11-22,2020,11,22,1575.0,south
2020-11-22,2020,11,22,1656.0,east
2020-11-22,2020,11,22,1725.0,west
2020-11-23,2020,11,23,1767.0,north
2020-11-23,2020,11,23,1650.0,south
2020-11-23,2020,11,23,1641.0,east
2020-11-23,2020,11,23,1632.0,west
2020-11-24,2020,11,24,1602.0,north
2020-11-24,2020,11,24,1632.0,south
2020-11-24,2020,11,24,1743.0,east
2020-11-24,2020,11,24,1617.0,west
2020-11-25,2020,11,25,1725.0,north
2020-11-25,2020,11,25,1761.0,south
2020-11-25,2020,11,25,1791.0,east
2020-11-25,2020,11,25,1620.0,west
2020-11-26,2020,11,26,1770.0,north
2020-11-26,2020,11,26,1791.0,south
2020-11-26,2020,11,26,1665.0,east
2020-11-26,2020,11,26,1743.0,west
2020-11-27,2020,11,27,1632.0,north
2020-11-27,2020,11,27,1587.0,south
2020-11-27,2020,11,27,1680.0,east
2020-11-27,2020,11,27,1656.0,west
2020-11-28,2020,11,28,1746.0,north
2020-11-28,2020,11,28,1599.0,south
2020-11-28,2020,11,28,1719.0,east
2020-11-28,2020,11,28,1794.0,west
2020-11-29,2020,11,29,1758.0,north
2020-11-29,2020,11,29,1557.0,south
2020-11-29,2020,11,29,1647.0,east
2020-11-29,2020,11,29,1740.0,west
2020-11-30,2020,11,30,1635.0,north
2020-11-30,2020,11,30,1584.0,south
2020-11-30,2020,11,30,1614.0,east
2020-11-30,2020,11,30,1749.0,west
2020-12-01,2020,12,1,1587.0,north
2020-12-01,2020,12,1,1719.0,south
2020-12-01,2020,12,1,1620.0,east
2020-12-01,2020,12,1,1656.0,west
2020-12-02,2020,12,2,1554.0,north
2020-12-02,2020,12,2,1755.0,south
2020-12-02,2020,12,2,1737.0,east
2020-12-02,2020,12,2,1548.0,west
2020-12-03,2020,12,3,1572.0,north
2020-12-03,2020,12,3,1560.0,south
2020-12-03,2020,12,3,1746.0,east
2020-12-03,2020,12,3,1788.0,west
2020-12-04,2020,12,4,1638.0,north
2020-12-04,2020,12,4,1626.0,south
2020-12-04,2020,12,4,1518.0,east
2020-12-04,2020,12,4,1773.0,west
2020-12-05,2020,12,5,1707.0,north
2020-12-05,2020,12,5,1614.0,south
2020-12-05,2020,12,5,1722.0,east
2020-12-05,2020,12,5,1524.0,west
2020-12-06,2020,12,6,1560.0,north
2020-12-06,2020,12,6,1617.0,south
2020-12-06,2020,12,6,1566.0,east
2020-12-06,2020,12,6,1515.0,west
2020-12-07,2020,12,7,1509.0,north
2020-12-07,2020,12,7,1545.0,south
2020-12-07,2020,12,7,1596.0,east
2020-12-07,2020,12,7,1671.0,west
2020-12-08,2020,12,8,1686.0,north
2020-12-08,2020,12,8,1785.0,south
2020-12-08,2020,12,8,1800.0,east
2020-12-08,2020,12,8,1590.0,west
2020-12-09,2020,12,9,1788.0,north
2020-12-09,2020,12,9,1788.0,south
2020-12-09,2020,12,9,1584.0,east
2020-12-09,2020,12,9,1665.0,west
2020-12-10,2020,12,10,1620.0,north
2020-12-10,2020,12,10,1725.0,south
2020-12-10,2020,12,10,1569.0,east
2020-12-10,2020,12,10,1533.0,west
2020-12-11,2020,12,11,1503.0,north
2020-12-11,2020,12,11,1713.0,south
2020-12-11,2020,12,11,1650.0,east
2020-12-11,2020,12,11,1776.0,west
2020-12-12,2020,12,12,1629.0,north
2020-12-12,2020,12,12,1662.0,south
2020-12-12,2020,12,12,1623.0,east
2020-12-12,2020,12,12,1590.0,west
2020-12-13,2020,12,13,1650.0,north
2020-12-13,2020,12,13,1647.0,south
2020-12-13,2020,12,13,1683.0,east
2020-12-13,2020,12,13,1530.0,west
2020-12-14,2020,12,14,1746.0,north
2020-12-14,2020,12,14,1551.0,south
2020-12-14,2020,12,14,1548.0,east
2020-12-14,2020,12,14,1767.0,west
2020-12-15,2020,12,15,1785.0,north
2020-12-15,2020,12,15,1734.0,south
2020-12-15,2020,12,15,1578.0,east
2020-12-15,2020,12,15,1596.0,west
2020-12-16,2020,12,16,1779.0,north
2020-12-16,2020,12,16,1770.0,south
2020-12-16,2020,12,16,1581.0,east
2020-12-16,2020,12,16,1614.0,west
2020-12-17,2020,12,17,1506.0,north
2020-12-17,2020,12,17,1533.0,south
2020-12-17,2020,12,17,1677.0,east
2020-12-17,2020,12,17,1737.0,west
2020-12-18,2020,12,18,1635.0,north
2020-12-18,2020,12,18,1800.0,south
2020-12-18,2020,12,18,1794.0,east
2020-12-18,2020,12,18,1653.0,west
2020-12-19,2020,12,19,1719.0,north
2020-12-19,2020,12,19,1674.0,south
2020-12-19,2020,12,19,1575.0,east
2020-12-19,2020,12,19,1650.0,west
2020-12-20,2020,12,20,1707.0,north
2020-12-20,2020,12,20,1692.0,south
2020-12-20,2020,12,20,1614.0,east
2020-12-20,2020,12,20,1563.0,west
2020-12-21,2020,12,21,1575.0,north
2020-12-21,2020,12,21,1506.0,south
2020-12-21,2020,12,21,1599.0,east
2020-12-21,2020,12,21,1686.0,west
2020-12-22,2020,12,22,1518.0,north
2020-12-22,2020,12,22,1677.0,south
2020-12-22,2020,12,22,1722.0,east
2020-12-22,2020,12,22,1566.0,west
2020-12-23,2020,12,23,1677.0,north
2020-12-23,2020,12,23,1542.0,south
2020-12-23,2020,12,23,1785.0,east
2020-12-23,2020,12,23,1671.0,west
2020-12-24,2020,12,24,1725.0,north
2020-12-24,2020,12,24,1506.0,south
2020-12-24,2020,12,24,1563.0,east
2020-12-24,2020,12,24,1668.0,west
2020-12-25,2020,12,25,1782.0,north
2020-12-25,2020,12,25,1557.0,south
2020-12-25,2020,12,25,1797.0,east
2020-12-25,2020,12,25,1563.0,west
2020-12-26,2020,12,26,1554.0,north
2020-12-26,2020,12,26,1650.0,south
2020-12-26,2020,12,26,1698.0,east
2020-12-26,2020,12,26,1737.0,west
2020-12-27,2020,12,27,1770.0,north
2020-12-27,2020,12,27,1734.0,south
2020-12-27,2020,12,27,1770.0,east
2020-12-27,2020,12,27,1524.0,west
2020-12-28,2020,12,28,1725.0,north
2020-12-28,2020,12,28,1536.0,south
2020-12-28,2020,12,28,1758.0,east
2020-12-28,2020,12,28,1683.0,west
2020-12-29,2020,12,29,1518.0,north
2020-12-29,2020,12,29,1677.0,south
2020-12-29,2020,12,29,1614.0,east
2020-12-29,2020,12,29,1767.0,west
2020-12-30,2020,12,30,1524.0,north
2020-12-30,2020,12,30,1530.0,south
2020-12-30,2020,12,30,1584.0,east
2020-12-30,2020,12,30,1791.0,west
2020-12-31,2020,12,31,1740.0,north
2020-12-31,2020,12,31,1698.0,south
2020-12-31,2020,12,31,1770.0,east
2020-12-31,2020,12,31,1650.0,west
2021-01-01,2021,1,1,1536.0,north
2021-01-01,2021,1,1,1542.0,south
2021-01-01,2021,1,1,1671.0,east
2021-01-01,2021,1,1,1752.0,west
2021-01-02,2021,1,2,1794.0,north
2021-01-02,2021,1,2,1620.0,south
2021-01-02,2021,1,2,1584.0,east
2021-01-02,2021,1,2,1503.0,west
2021-01-03,2021,1,3,1758.0,north
2021-01-03,2021,1,3,1578.0,south
2021-01-03,2021,1,3,1677.0,east
2021-01-03,2021,1,3,1722.0,west
2021-01-04,2021,1,4,1590.0,north
2021-01-04,2021,1,4,1785.0,south
2021-01-04,2021,1,4,1731.0,east
2021-01-04,2021,1,4,1686.0,west
2021-01-05,2021,1,5,1536.0,north
2021-01-05,2021,1,5,1578.0,south
2021-01-05,2021,1,5,1683.0,east
2021-01-05,2021,1,5,1608.0,west
2021-01-06,2021,1,6,1743.0,north
2021-01-06,2021,1,6,1743.0,south
2021-01-06,2021,1,6,1638.0,east
2021-01-06,2021,1,6,1788.0,west
2021-01-07,2021,1,7,1716.0,north
2021-01-07,2021,1,7,1602.0,south
2021-01-07,2021,1,7,1596.0,east
2021-01-07,2021,1,7,1797.0,west
2021-01-08,2021,1,8,1662.0,north
2021-01-08,2021,1,8,1668.0,south
2021-01-08,2021,1,8,1662.0,east
2021-01-08,2021,1,8,1521.0,west
2021-01-09,2021,1,9,1563.0,north
2021-01-09,2021,1,9,1647.0,south
2021-01-09,2021,1,9,1743.0,east
2021-01-09,2021,1,9,1653.0,west
2021-01-10,2021,1,10,1731.0,north
2021-01-10,2021,1,10,1608.0,south
2021-01-10,2021,1,10,1512.0,east
2021-01-10,2021,1,10,1545.0,west
2021-01-11,2021,1,11,1740.0,north
2021-01-11,2021,1,11,1611.0,south
2021-01-11,2021,1,11,1536.0,east
2021-01-11,2021,1,11,1626.0,west
2021-01-12,2021,1,12,1614.0,north
2021-01-12,2021,1,12,1572.0,south
2021-01-12,2021,1,12,1539.0,east
2021-01-12,2021,1,12,1605.0,west
2021-01-13,2021,1,13,1545.0,north
2021-01-13,2021,1,13,1542.0,south
2021-01-13,2021,1,13,1779.0,east
2021-01-13,2021,1,13,1680.0,west
2021-01-14,2021,1,14,1701.0,north
2021-01-14,2021,1,14,1677.0,south
2021-01-14,2021,1,14,1614.0,east
2021-01-14,2021,1,14,1590.0,west
2021-01-15,2021,1,15,2025.0,north
2021-01-15,2021,1,15,2195.0,south
2021-01-15,2021,1,15,2180.0,east
2021-01-15,2021,1,15,2395.0,west
2021-01-16,2021,1,16,2110.0,north
2021-01-16,2021,1,16,2145.0,south
2021-01-16,2021,1,16,2340.0,east
2021-01-16,2021,1,16,2390.0,west
2021-01-17,2021,1,17,2475.0,north
2021-01-17,2021,1,17,2320.0,south
2021-01-17,2021,1,17,2105.0,east
2021-01-17,2021,1,17,2090.0,west
2021-01-18,2021,1,18,2050.0,north
2021-01-18,2021,1,18,2410.0,south
2021-01-18,2021,1,18,2125.0,east
2021-01-18,2021,1,18,2325.0,west
2021-01-19,2021,1,19,2335.0,north
2021-01-19,2021,1,19,2105.0,south
2021-01-19,2021,1,19,2340.0,east
2021-01-19,2021,1,19,2420.0,west
2021-01-20,2021,1,20,2415.0,north
2021-01-20,2021,1,20,2495.0,south
2021-01-20,2021,1,20,2070.0,east
2021-01-20,2021,1,20,2405.0,west
2021-01-21,2021,1,21,2090.0,north
2021-01-21,2021,1,21,2145.0,south
2021-01-21,2021,1,21,2245.0,east
2021-01-21,2021,1,21,2330.0,west
2021-01-22,2021,1,22,2460.0,north
2021-01-22,2021,1,22,2230.0,south
2021-01-22,2021,1,22,2010.0,east
2021-01-22,2021,1,22,2380.0,west
2021-01-23,2021,1,23,2025.0,north
2021-01-23,2021,1,23,2085.0,south
2021-01-23,2021,1,23,2420.0,east
2021-01-23,2021,1,23,2175.0,west
2021-01-24,2021,1,24,2015.0,north
2021-01-24,2021,1,24,2445.0,south
2021-01-24,2021,1,24,2255.0,east
2021-01-24,2021,1,24,2085.0,west
2021-01-25,2021,1,25,2210.0,north
2021-01-25,2021,1,25,2145.0,south
2021-01-25,2021,1,25,2200.0,east
2021-01-25,2021,1,25,2160.0,west
2021-01-26,2021,1,26,2050.0,north
2021-01-26,2021,1,26,2280.0,south
2021-01-26,2021,1,26,2165.0,east
2021-01-26,2021,1,26,2345.0,west
2021-01-27,2021,1,27,2000.0,north
2021-01-27,2021,1,27,2010.0,south
2021-01-27,2021,1,27,2060.0,east
2021-01-27,2021,1,27,2020.0,west
2021-01-28,2021,1,28,2140.0,north
2021-01-28,2021,1,28,2310.0,south
2021-01-28,2021,1,28,2285.0,east
2021-01-28,2021,1,28,2005.0,west
2021-01-29,2021,1,29,2295.0,north
2021-01-29,2021,1,29,2195.0,south
2021-01-29,2021,1,29,2465.0,east
2021-01-29,2021,1,29,2095.0,west
2021-01-30,2021,1,30,2400.0,north
2021-01-30,2021,1,30,2290.0,south
2021-01-30,2021,1,30,2370.0,east
2021-01-30,2021,1,30,2165.0,west
2021-01-31,2021,1,31,2430.0,north
2021-01-31,2021,1,31,2260.0,south
2021-01-31,2021,1,31,2215.0,east
2021-01-31,2021,1,31,2145.0,west
2021-02-01,2021,2,1,2350.0,north
2021-02-01,2021,2,1,2180.0,south
2021-02-01,2021,2,1,2290.0,east
2021-02-01,2021,2,1,2115.0,west
2021-02-02,2021,2,2,2315.0,north
2021-02-02,2021,2,2,2100.0,south
2021-02-02,2021,2,2,2430.0,east
2021-02-02,2021,2,2,2215.0,west
2021-02-03,2021,2,3,2000.0,north
2021-02-03,2021,2,3,2355.0,south
2021-02-03,2021,2,3,2110.0,east
2021-02-03,2021,2,3,2240.0,west
2021-02-04,2021,2,4,2380.0,north
2021-02-04,2021,2,4,2305.0,south
2021-02-04,2021,2,4,2300.0,east
2021-02-04,2021,2,4,2120.0,west
2021-02-05,2021,2,5,2185.0,north
2021-02-05,2021,2,5,2295.0,south
2021-02-05,2021,2,5,2215.0,east
2021-02-05,2021,2,5,2050.0,west
2021-02-06,2021,2,6,2225.0,north
2021-02-06,2021,2,6,2405.0,south
2021-02-06,2021,2,6,2095.0,east
2021-02-06,2021,2,6,2200.0,west
2021-02-07,2021,2,7,2070.0,north
2021-02-07,2021,2,7,2065.0,south
2021-02-07,2021,2,7,2080.0,east
2021-02-07,2021,2,7,2010.0,west
2021-02-08,2021,2,8,2395.0,north
2021-02-08,2021,2,8,2345.0,south
2021-02-08,2021,2,8,2085.0,east
2021-02-08,2021,2,8,2250.0,west
2021-02-09,2021,2,9,2045.0,north
2021-02-09,2021,2,9,2345.0,south
2021-02-09,2021,2,9,2455.0,east
2021-02-09,2021,2,9,2260.0,west
2021-02-10,2021,2,10,2130.0,north
2021-02-10,2021,2,10,2035.0,south
2021-02-10,2021,2,10,2045.0,east
2021-02-10,2021,2,10,2145.0,west
2021-02-11,2021,2,11,2320.0,north
2021-02-11,2021,2,11,2350.0,south
2021-02-11,2021,2,11,2085.0,east
2021-02-11,2021,2,11,2160.0,west
2021-02-12,2021,2,12,2375.0,north
2021-02-12,2021,2,12,2230.0,south
2021-02-12,2021,2,12,2230.0,east
2021-02-12,2021,2,12,2130.0,west
2021-02-13,2021,2,13,2425.0,north
2021-02-13,2021,2,13,2465.0,south
2021-02-13,2021,2,13,2105.0,east
2021-02-13,2021,2,13,2485.0,west
2021-02-14,2021,2,14,2340.0,north
2021-02-14,2021,2,14,2240.0,south
2021-02-14,2021,2,14,2285.0,east
2021-02-14,2021,2,14,2375.0,west
2021-02-15,2021,2,15,2110.0,north
2021-02-15,2021,2,15,2325.0,south
2021-02-15,2021,2,15,2265.0,east
2021-02-15,2021,2,15,2175.0,west
2021-02-16,2021,2,16,2295.0,north
2021-02-16,2021,2,16,2250.0,south
2021-02-16,2021,2,16,2180.0,east
2021-02-16,2021,2,16,2465.0,west
2021-02-17,2021,2,17,2380.0,north
2021-02-17,2021,2,17,2130.0,south
2021-02-17,2021,2,17,2350.0,east
2021-02-17,2021,2,17,2470.0,west
2021-02-18,2021,2,18,2005.0,north
2021-02-18,2021,2,18,2125.0,south
2021-02-18,2021,2,18,2480.0,east
2021-02-18,2021,2,18,2240.0,west
2021-02-19,2021,2,19,2125.0,north
2021-02-19,2021,2,19,2425.0,south
2021-02-19,2021,2,19,2050.0,east
2021-02-19,2021,2,19,2045.0,west
2021-02-20,2021,2,20,2260.0,north
2021-02-20,2021,2,20,2105.0,south
2021-02-20,2021,2,20,2420.0,east
2021-02-20,2021,2,20,2400.0,west
2021-02-21,2021,2,21,2345.0,north
2021-02-21,2021,2,21,2040.0,south
2021-02-21,2021,2,21,2170.0,east
2021-02-21,2021,2,21,2445.0,west
2021-02-22,2021,2,22,2145.0,north
2021-02-22,2021,2,22,2050.0,south
2021-02-22,2021,2,22,2200.0,east
2021-02-22,2021,2,22,2140.0,west
2021-02-23,2021,2,23,2490.0,north
2021-02-23,2021,2,23,2370.0,south
2021-02-23,2021,2,23,2055.0,east
2021-02-23,2021,2,23,2380.0,west
2021-02-24,2021,2,24,2330.0,north
2021-02-24,2021,2,24,2420.0,south
2021-02-24,2021,2,24,2235.0,east
2021-02-24,2021,2,24,2045.0,west
2021-02-25,2021,2,25,2205.0,north
2021-02-25,2021,2,25,2065.0,south
2021-02-25,2021,2,25,2300.0,east
2021-02-25,2021,2,25,2035.0,west
2021-02-26,2021,2,26,2455.0,north
2021-02-26,2021,2,26,2350.0,south
2021-02-26,2021,2,26,2270.0,east
2021-02-26,2021,2,26,2315.0,west
2021-02-27,2021,2,27,2000.0,north
2021-02-27,2021,2,27,2305.0,south
2021-02-27,2021,2,27,2150.0,east
2021-02-27,2021,2,27,2305.0,west
2021-02-28,2021,2,28,2145.0,north
2021-02-28,2021,2,28,2155.0,south
2021-02-28,2021,2,28,2290.0,east
2021-02-28,2021,2,28,2155.0,west
2021-03-01,2021,3,1,2360.0,north
2021-03-01,2021,3,1,2430.0,south
2021-03-01,2021,3,1,2185.0,east
2021-03-01,2021,3,1,2245.0,west
2021-03-02,2021,3,2,2370.0,north
2021-03-02,2021,3,2,2300.0,south
2021-03-02,2021,3,2,2215.0,east
2021-03-02,2021,3,2,2225.0,west
2021-03-03,2021,3,3,2405.0,north
2021-03-03,2021,3,3,2000.0,south
2021-03-03,2021,3,3,2025.0,east
2021-03-03,2021,3,3,2380.0,west
2021-03-04,2021,3,4,2390.0,north
2021-03-04,2021,3,4,2335.0,south
2021-03-04,2021,3,4,2205.0,east
2021-03-04,2021,3,4,2035.0,west
2021-03-05,2021,3,5,2080.0,north
2021-03-05,2021,3,5,2340.0,south
2021-03-05,2021,3,5,2045.0,east
2021-03-05,2021,3,5,2005.0,west
2021-03-06,2021,3,6,2075.0,north
2021-03-06,2021,3,6,2190.0,south
2021-03-06,2021,3,6,2305.0,east
2021-03-06,2021,3,6,2190.0,west
2021-03-07,2021,3,7,2220.0,north
2021-03-07,2021,3,7,2025.0,south
2021-03-07,2021,3,7,2350.0,east
2021-03-07,2021,3,7,2425.0,west
2021-03-08,2021,3,8,2170.0,north
2021-03-08,2021,3,8,2095.0,south
2021-03-08,2021,3,8,2475.0,east
2021-03-08,2021,3,8,2395.0,west
2021-03-09,2021,3,9,2380.0,north
2021-03-09,2021,3,9,2000.0,south
2021-03-09,2021,3,9,2180.0,east
2021-03-09,2021,3,9,2365.0,west
2021-03-10,2021,3,10,2380.0,north
2021-03-10,2021,3,10,2320.0,south
2021-03-10,2021,3,10,2005.0,east
2021-03-10,2021,3,10,2270.0,west
2021-03-11,2021,3,11,2005.0,north
2021-03-11,2021,3,11,2410.0,south
2021-03-11,2021,3,11,2065.0,east
2021-03-11,2021,3,11,2170.0,west
2021-03-12,2021,3,12,2175.0,north
2021-03-12,2021,3,12,2310.0,south
2021-03-12,2021,3,12,2490.0,east
2021-03-12,2021,3,12,2400.0,west
2021-03-13,2021,3,13,2065.0,north
2021-03-13,2021,3,13,2165.0,south
2021-03-13,2021,3,13,2305.0,east
2021-03-13,2021,3,13,2100.0,west
2021-03-14,2021,3,14,2245.0,north
2021-03-14,2021,3,14,2365.0,south
2021-03-14,2021,3,14,2300.0,east
2021-03-14,2021,3,14,2340.0,west
2021-03-15,2021,3,15,2330.0,north
2021-03-15,2021,3,15,2445.0,south
2021-03-15,2021,3,15,2390.0,east
2021-03-15,2021,3,15,2210.0,west
2021-03-16,2021,3,16,2365.0,north
2021-03-16,2021,3,16,2500.0,south
2021-03-16,2021,3,16,2235.0,east
2021-03-16,2021,3,16,2480.0,west
2021-03-17,2021,3,17,2065.0,north
2021-03-17,2021,3,17,2325.0,south
2021-03-17,2021,3,17,2480.0,east
2021-03-17,2021,3,17,2265.0,west
2021-03-18,2021,3,18,2440.0,north
2021-03-18,2021,3,18,2020.0,south
2021-03-18,2021,3,18,2115.0,east
2021-03-18,2021,3,18,2075.0,west
2021-03-19,2021,3,19,2035.0,north
2021-03-19,2021,3,19,2495.0,south
2021-03-19,2021,3,19,2340.0,east
2021-03-19,2021,3,19,2220.0,west
2021-03-20,2021,3,20,2380.0,north
2021-03-20,2021,3,20,2360.0,south
2021-03-20,2021,3,20,2325.0,east
2021-03-20,2021,3,20,2340.0,west
2021-03-21,2021,3,21,2300.0,north
2021-03-21,2021,3,21,2030.0,south
2021-03-21,2021,3,21,2110.0,east
2021-03-21,2021,3,21,2490.0,west
2021-03-22,2021,3,22,2420.0,north
2021-03-22,2021,3,22,2030.0,south
2021-03-22,2021,3,22,2450.0,east
2021-03-22,2021,3,22,2315.0,west
2021-03-23,2021,3,23,2470.0,north
2021-03-23,2021,3,23,2240.0,south
2021-03-23,2021,3,23,2155.0,east
2021-03-23,2021,3,23,2005.0,west
2021-03-24,2021,3,24,2005.0,north
2021-03-24,2021,3,24,2075.0,south
2021-03-24,2021,3,24,2080.0,east
2021-03-24,2021,3,24,2395.0,west
2021-03-25,2021,3,25,2435.0,north
2021-03-25,2021,3,25,2055.0,south
2021-03-25,2021,3,25,2130.0,east
2021-03-25,2021,3,25,2365.0,west
2021-03-26,2021,3,26,2320.0,north
2021-03-26,2021,3,26,2325.0,south
2021-03-26,2021,3,26,2210.0,east
2021-03-26,2021,3,26,2225.0,west
2021-03-27,2021,3,27,2465.0,north
2021-03-27,2021,3,27,2175.0,south
2021-03-27,2021,3,27,2145.0,east
2021-03-27,2021,3,27,2085.0,west
2021-03-28,2021,3,28,2310.0,north
2021-03-28,2021,3,28,2070.0,south
2021-03-28,2021,3,28,2355.0,east
2021-03-28,2021,3,28,2410.0,west
2021-03-29,2021,3,29,2475.0,north
2021-03-29,2021,3,29,2005.0,south
2021-03-29,2021,3,29,2025.0,east
2021-03-29,2021,3,29,2265.0,west
2021-03-30,2021,3,30,2090.0,north
2021-03-30,2021,3,30,2390.0,south
2021-03-30,2021,3,30,2410.0,east
2021-03-30,2021,3,30,2035.0,west
2021-03-31,2021,3,31,2475.0,north
2021-03-31,2021,3,31,2135.0,south
2021-03-31,2021,3,31,2440.0,east
2021-03-31,2021,3,31,2105.0,west
2021-04-01,2021,4,1,2405.0,north
2021-04-01,2021,4,1,2000.0,south
2021-04-01,2021,4,1,2480.0,east
2021-04-01,2021,4,1,2495.0,west
2021-04-02,2021,4,2,2260.0,north
2021-04-02,2021,4,2,2100.0,south
2021-04-02,2021,4,2,2480.0,east
2021-04-02,2021,4,2,2325.0,west
2021-04-03,2021,4,3,2345.0,north
2021-04-03,2021,4,3,2005.0,south
2021-04-03,2021,4,3,2175.0,east
2021-04-03,2021,4,3,2330.0,west
2021-04-04,2021,4,4,2480.0,north
2021-04-04,2021,4,4,2455.0,south
2021-04-04,2021,4,4,2165.0,east
2021-04-04,2021,4,4,2355.0,west
2021-04-05,2021,4,5,2270.0,north
2021-04-05,2021,4,5,2415.0,south
2021-04-05,2021,4,5,2150.0,east
2021-04-05,2021,4,5,2215.0,west
2021-04-06,2021,4,6,2440.0,north
2021-04-06,2021,4,6,2435.0,south
2021-04-06,2021,4,6,2255.0,east
2021-04-06,2021,4,6,2260.0,west
2021-04-07,2021,4,7,2020.0,north
2021-04-07,2021,4,7,2125.0,south
2021-04-07,2021,4,7,2120.0,east
2021-04-07,2021,4,7,2070.0,west
2021-04-08,2021,4,8,2135.0,north
2021-04-08,2021,4,8,2050.0,south
2021-04-08,2021,4,8,2400.0,east
2021-04-08,2021,4,8,2040.0,west
2021-04-09,2021,4,9,2265.0,north
2021-04-09,2021,4,9,2340.0,south
2021-04-09,2021,4,9,2245.0,east
2021-04-09,2021,4,9,2450.0,west
2021-04-10,2021,4,10,2385.0,north
2021-04-10,2021,4,10,2255.0,south
2021-04-10,2021,4,10,2065.0,east
2021-04-10,2021,4,10,2295.0,west
2021-04-11,2021,4,11,2415.0,north
2021-04-11,2021,4,11,2355.0,south
2021-04-11,2021,4,11,2425.0,east
2021-04-11,2021,4,11,2150.0,west
2021-04-12,2021,4,12,2285.0,north
2021-04-12,2021,4,12,2315.0,south
2021-04-12,2021,4,12,2080.0,east
2021-04-12,2021,4,12,2305.0,west
2021-04-13,2021,4,13,2115.0,north
2021-04-13,2021,4,13,2380.0,south
2021-04-13,2021,4,13,2195.0,east
2021-04-13,2021,4,13,2325.0,west
2021-04-14,2021,4,14,2045.0,north
2021-04-14,2021,4,14,2370.0,south
2021-04-14,2021,4,14,2485.0,east
2021-04-14,2021,4,14,2085.0,west
2021-04-15,2021,4,15,2185.0,north
2021-04-15,2021,4,15,2275.0,south
2021-04-15,2021,4,15,2050.0,east
2021-04-15,2021,4,15,2320.0,west
2021-04-16,2021,4,16,2335.0,north
2021-04-16,2021,4,16,2415.0,south
2021-04-16,2021,4,16,2115.0,east
2021-04-16,2021,4,16,2380.0,west
2021-04-17,2021,4,17,2375.0,north
2021-04-17,2021,4,17,2250.0,south
2021-04-17,2021,4,17,2415.0,east
2021-04-17,2021,4,17,2395.0,west
2021-04-18,2021,4,18,2005.0,north
2021-04-18,2021,4,18,2215.0,south
2021-04-18,2021,4,18,2405.0,east
2021-04-18,2021,4,18,2265.0,west
2021-04-19,2021,4,19,2160.0,north
2021-04-19,2021,4,19,2115.0,south
2021-04-19,2021,4,19,2175.0,east
2021-04-19,2021,4,19,2420.0,west
2021-04-20,2021,4,20,2290.0,north
2021-04-20,2021,4,20,2115.0,south
2021-04-20,2021,4,20,2110.0,east
2021-04-20,2021,4,20,2395.0,west
2021-04-21,2021,4,21,2400.0,north
2021-04-21,2021,4,21,2195.0,south
2021-04-21,2021,4,21,2095.0,east
2021-04-21,2021,4,21,2330.0,west
2021-04-22,2021,4,22,2235.0,north
2021-04-22,2021,4,22,2195.0,south
2021-04-22,2021,4,22,2480.0,east
2021-04-22,2021,4,22,2270.0,west
2021-04-23,2021,4,23,2280.0,north
2021-04-23,2021,4,23,2065.0,south
2021-04-23,2021,4,23,2065.0,east
2021-04-23,2021,4,23,2260.0,west
2021-04-24,2021,4,24,2440.0,north
2021-04-24,2021,4,24,2130.0,south
2021-04-24,2021,4,24,2345.0,east
2021-04-24,2021,4,24,2020.0,west
2021-04-25,2021,4,25,2275.0,north
2021-04-25,2021,4,25,2375.0,south
2021-04-25,2021,4,25,2340.0,east
2021-04-25,2021,4,25,2300.0,west
2021-04-26,2021,4,26,2260.0,north
2021-04-26,2021,4,26,2295.0,south
2021-04-26,2021,4,26,2295.0,east
2021-04-26,2021,4,26,2115.0,west
2021-04-27,2021,4,27,2095.0,north
2021-04-27,2021,4,27,2010.0,south
2021-04-27,2021,4,27,2245.0,east
2021-04-27,2021,4,27,2245.0,west
2021-04-28,2021,4,28,2385.0,north
2021-04-28,2021,4,28,2230.0,south
2021-04-28,2021,4,28,2285.0,east
2021-04-28,2021,4,28,2115.0,west
2021-04-29,2021,4,29,2150.0,north
2021-04-29,2021,4,29,2065.0,south
2021-04-29,2021,4,29,2110.0,east
2021-04-29,2021,4,29,2175.0,west
2021-04-30,2021,4,30,2320.0,north
2021-04-30,2021,4,30,2435.0,south
2021-04-30,2021,4,30,2050.0,east
2021-04-30,2021,4,30,2165.0,west
2021-05-01,2021,5,1,2460.0,north
2021-05-01,2021,5,1,2165.0,south
2021-05-01,2021,5,1,2110.0,east
2021-05-01,2021,5,1,2320.0,west
2021-05-02,2021,5,2,2305.0,north
2021-05-02,2021,5,2,2145.0,south
2021-05-02,2021,5,2,2460.0,east
2021-05-02,2021,5,2,2260.0,west
2021-05-03,2021,5,3,2355.0,north
2021-05-03,2021,5,3,2070.0,south
2021-05-03,2021,5,3,2455.0,east
2021-05-03,2021,5,3,2090.0,west
2021-05-04,2021,5,4,2270.0,north
2021-05-04,2021,5,4,2425.0,south
2021-05-04,2021,5,4,2415.0,east
2021-05-04,2021,5,4,2065.0,west
2021-05-05,2021,5,5,2315.0,north
2021-05-05,2021,5,5,2120.0,south
2021-05-05,2021,5,5,2330.0,east
2021-05-05,2021,5,5,2295.0,west
2021-05-06,2021,5,6,2120.0,north
2021-05-06,2021,5,6,2050.0,south
2021-05-06,2021,5,6,2140.0,east
2021-05-06,2021,5,6,2230.0,west
2021-05-07,2021,5,7,2090.0,north
2021-05-07,2021,5,7,2335.0,south
2021-05-07,2021,5,7,2125.0,east
2021-05-07,2021,5,7,2380.0,west
2021-05-08,2021,5,8,2090.0,north
2021-05-08,2021,5,8,2490.0,south
2021-05-08,2021,5,8,2200.0,east
2021-05-08,2021,5,8,2045.0,west
2021-05-09,2021,5,9,2140.0,north
2021-05-09,2021,5,9,2115.0,south
2021-05-09,2021,5,9,2045.0,east
2021-05-09,2021,5,9,2385.0,west
2021-05-10,2021,5,10,2250.0,north
2021-05-10,2021,5,10,2325.0,south
2021-05-10,2021,5,10,2325.0,east
2021-05-10,2021,5,10,2400.0,west
2021-05-11,2021,5,11,2120.0,north
2021-05-11,2021,5,11,2165.0,south
2021-05-11,2021,5,11,2175.0,east
2021-05-11,2021,5,11,2190.0,west
2021-05-12,2021,5,12,2155.0,north
2021-05-12,2021,5,12,2325.0,south
2021-05-12,2021,5,12,2025.0,east
2021-05-12,2021,5,12,2455.0,west
2021-05-13,2021,5,13,2330.0,north
2021-05-13,2021,5,13,2210.0,south
2021-05-13,2021,5,13,2010.0,east
2021-05-13,2021,5,13,2320.0,west
2021-05-14,2021,5,14,2135.0,north
2021-05-14,2021,5,14,2500.0,south
2021-05-14,2021,5,14,2140.0,east
2021-05-14,2021,5,14,2190.0,west
2021-05-15,2021,5,15,2240.0,north
2021-05-15,2021,5,15,2180.0,south
2021-05-15,2021,5,15,2020.0,east
2021-05-15,2021,5,15,2390.0,west
2021-05-16,2021,5,16,2375.0,north
2021-05-16,2021,5,16,2050.0,south
2021-05-16,2021,5,16,2080.0,east
2021-05-16,2021,5,16,2055.0,west
2021-05-17,2021,5,17,2020.0,north
2021-05-17,2021,5,17,2470.0,south
2021-05-17,2021,5,17,2220.0,east
2021-05-17,2021,5,17,2255.0,west
2021-05-18,2021,5,18,2185.0,north
2021-05-18,2021,5,18,2455.0,south
2021-05-18,2021,5,18,2270.0,east
2021-05-18,2021,5,18,2415.0,west
2021-05-19,2021,5,19,2400.0,north
2021-05-19,2021,5,19,2300.0,south
2021-05-19,2021,5,19,2175.0,east
2021-05-19,2021,5,19,2020.0,west
2021-05-20,2021,5,20,2195.0,north
2021-05-20,2021,5,20,2050.0,south
2021-05-20,2021,5,20,2055.0,east
2021-05-20,2021,5,20,2300.0,west
2021-05-21,2021,5,21,2480.0,north
2021-05-21,2021,5,21,2240.0,south
2021-05-21,2021,5,21,2025.0,east
2021-05-21,2021,5,21,2480.0,west
2021-05-22,2021,5,22,2430.0,north
2021-05-22,2021,5,22,2100.0,south
2021-05-22,2021,5,22,2420.0,east
2021-05-22,2021,5,22,2410.0,west
2021-05-23,2021,5,23,2155.0,north
2021-05-23,2021,5,23,2345.0,south
2021-05-23,2021,5,23,2045.0,east
2021-05-23,2021,5,23,2240.0,west
2021-05-24,2021,5,24,2390.0,north
2021-05-24,2021,5,24,2210.0,south
2021-05-24,2021,5,24,2105.0,east
2021-05-24,2021,5,24,2075.0,west
2021-05-25,2021,5,25,2020.0,north
2021-05-25,2021,5,25,2105.0,south
2021-05-25,2021,5,25,2295.0,east
2021-05-25,2021,5,25,2005.0,west
2021-05-26,2021,5,26,2475.0,north
2021-05-26,2021,5,26,2210.0,south
2021-05-26,2021,5,26,2040.0,east
2021-05-26,2021,5,26,2085.0,west
2021-05-27,2021,5,27,2080.0,north
2021-05-27,2021,5,27,2260.0,south
2021-05-27,2021,5,27,2345.0,east
2021-05-27,2021,5,27,2160.0,west
2021-05-28,2021,5,28,2205.0,north
2021-05-28,2021,5,28,2055.0,south
2021-05-28,2021,5,28,2280.0,east
2021-05-28,2021,5,28,2205.0,west
2021-05-29,2021,5,29,2150.0,north
2021-05-29,2021,5,29,2450.0,south
2021-05-29,2021,5,29,2005.0,east
2021-05-29,2021,5,29,2115.0,west
2021-05-30,2021,5,30,2380.0,north
2021-05-30,2021,5,30,2225.0,south
2021-05-30,2021,5,30,2485.0,east
2021-05-30,2021,5,30,2310.0,west
2021-05-31,2021,5,31,2395.0,north
2021-05-31,2021,5,31,2095.0,south
2021-05-31,2021,5,31,2220.0,east
2021-05-31,2021,5,31,2130.0,west
2021-06-01,2021,6,1,2140.0,north
2021-06-01,2021,6,1,2450.0,south
2021-06-01,2021,6,1,2055.0,east
2021-06-01,2021,6,1,2215.0,west
2021-06-02,2021,6,2,2015.0,north
2021-06-02,2021,6,2,2350.0,south
2021-06-02,2021,6,2,2005.0,east
2021-06-02,2021,6,2,2015.0,west
2021-06-03,2021,6,3,2375.0,north
2021-06-03,2021,6,3,2025.0,south
2021-06-03,2021,6,3,2375.0,east
2021-06-03,2021,6,3,2300.0,west
2021-06-04,2021,6,4,2405.0,north
2021-06-04,2021,6,4,2135.0,south
2021-06-04,2021,6,4,2315.0,east
2021-06-04,2021,6,4,2300.0,west
2021-06-05,2021,6,5,2425.0,north
2021-06-05,2021,6,5,2400.0,south
2021-06-05,2021,6,5,2245.0,east
2021-06-05,2021,6,5,2085.0,west
2021-06-06,2021,6,6,2020.0,north
2021-06-06,2021,6,6,2190.0,south
2021-06-06,2021,6,6,2450.0,east
2021-06-06,2021,6,6,2245.0,west
2021-06-07,2021,6,7,2390.0,north
2021-06-07,2021,6,7,2020.0,south
2021-06-07,2021,6,7,2360.0,east
2021-06-07,2021,6,7,2070.0,west
2021-06-08,2021,6,8,2290.0,north
2021-06-08,2021,6,8,2035.0,south
2021-06-08,2021,6,8,2450.0,east
2021-06-08,2021,6,8,2120.0,west
2021-06-09,2021,6,9,2480.0,north
2021-06-09,2021,6,9,2500.0,south
2021-06-09,2021,6,9,2365.0,east
2021-06-09,2021,6,9,2330.0,west
2021-06-10,2021,6,10,2280.0,north
2021-06-10,2021,6,10,2015.0,south
2021-06-10,2021,6,10,2500.0,east
2021-06-10,2021,6,10,2405.0,west
2021-06-11,2021,6,11,2385.0,north
2021-06-11,2021,6,11,2090.0,south
2021-06-11,2021,6,11,2300.0,east
2021-06-11,2021,6,11,2350.0,west
2021-06-12,2021,6,12,2095.0,north
2021-06-12,2021,6,12,2375.0,south
2021-06-12,2021,6,12,2270.0,east
2021-06-12,2021,6,12,2365.0,west
2021-06-13,2021,6,13,2205.0,north
2021-06-13,2021,6,13,2260.0,south
2021-06-13,2021,6,13,2135.0,east
2021-06-13,2021,6,13,2280.0,west
2021-06-14,2021,6,14,2485.0,north
2021-06-14,2021,6,14,2025.0,south
2021-06-14,2021,6,14,2460.0,east
2021-06-14,2021,6,14,2285.0,west
2021-06-15,2021,6,15,2090.0,north
2021-06-15,2021,6,15,2075.0,south
2021-06-15,2021,6,15,2125.0,east
2021-06-15,2021,6,15,2085.0,west
2021-06-16,2021,6,16,2410.0,north
2021-06-16,2021,6,16,2265.0,south
2021-06-16,2021,6,16,2145.0,east
2021-06-16,2021,6,16,2320.0,west
2021-06-17,2021,6,17,2260.0,north
2021-06-17,2021,6,17,2460.0,south
2021-06-17,2021,6,17,2060.0,east
2021-06-17,2021,6,17,2120.0,west
2021-06-18,2021,6,18,2325.0,north
2021-06-18,2021,6,18,2275.0,south
2021-06-18,2021,6,18,2285.0,east
2021-06-18,2021,6,18,2150.0,west
2021-06-19,2021,6,19,2160.0,north
2021-06-19,2021,6,19,2020.0,south
2021-06-19,2021,6,19,2430.0,east
2021-06-19,2021,6,19,2025.0,west
2021-06-20,2021,6,20,2280.0,north
2021-06-20,2021,6,20,2425.0,south
2021-06-20,2021,6,20,2230.0,east
2021-06-20,2021,6,20,2160.0,west
2021-06-21,2021,6,21,2360.0,north
2021-06-21,2021,6,21,2305.0,south
2021-06-21,2021,6,21,2105.0,east
2021-06-21,2021,6,21,2290.0,west
2021-06-22,2021,6,22,2280.0,north
2021-06-22,2021,6,22,2010.0,south
2021-06-22,2021,6,22,2095.0,east
2021-06-22,2021,6,22,2270.0,west
2021-06-23,2021,6,23,2080.0,north
2021-06-23,2021,6,23,2345.0,south
2021-06-23,2021,6,23,2240.0,east
2021-06-23,2021,6,23,2425.0,west
2021-06-24,2021,6,24,2390.0,north
2021-06-24,2021,6,24,2155.0,south
2021-06-24,2021,6,24,2060.0,east
2021-06-24,2021,6,24,2055.0,west
2021-06-25,2021,6,25,2140.0,north
2021-06-25,2021,6,25,2340.0,south
2021-06-25,2021,6,25,2030.0,east
2021-06-25,2021,6,25,2310.0,west
2021-06-26,2021,6,26,2065.0,north
2021-06-26,2021,6,26,2330.0,south
2021-06-26,2021,6,26,2145.0,east
2021-06-26,2021,6,26,2050.0,west
2021-06-27,2021,6,27,2095.0,north
2021-06-27,2021,6,27,2460.0,south
2021-06-27,2021,6,27,2195.0,east
2021-06-27,2021,6,27,2020.0,west
2021-06-28,2021,6,28,2185.0,north
2021-06-28,2021,6,28,2190.0,south
2021-06-28,2021,6,28,2050.0,east
2021-06-28,2021,6,28,2045.0,west
2021-06-29,2021,6,29,2155.0,north
2021-06-29,2021,6,29,2135.0,south
2021-06-29,2021,6,29,2280.0,east
2021-06-29,2021,6,29,2485.0,west
2021-06-30,2021,6,30,2040.0,north
2021-06-30,2021,6,30,2130.0,south
2021-06-30,2021,6,30,2490.0,east
2021-06-30,2021,6,30,2160.0,west
2021-07-01,2021,7,1,2065.0,north
2021-07-01,2021,7,1,2355.0,south
2021-07-01,2021,7,1,2205.0,east
2021-07-01,2021,7,1,2265.0,west
2021-07-02,2021,7,2,2005.0,north
2021-07-02,2021,7,2,2450.0,south
2021-07-02,2021,7,2,2500.0,east
2021-07-02,2021,7,2,2445.0,west
2021-07-03,2021,7,3,2460.0,north
2021-07-03,2021,7,3,2060.0,south
2021-07-03,2021,7,3,2090.0,east
2021-07-03,2021,7,3,2415.0,west
2021-07-04,2021,7,4,2395.0,north
2021-07-04,2021,7,4,2370.0,south
2021-07-04,2021,7,4,2110.0,east
2021-07-04,2021,7,4,2395.0,west
2021-07-05,2021,7,5,2205.0,north
2021-07-05,2021,7,5,2245.0,south
2021-07-05,2021,7,5,2330.0,east
2021-07-05,2021,7,5,2010.0,west
2021-07-06,2021,7,6,2430.0,north
2021-07-06,2021,7,6,2125.0,south
2021-07-06,2021,7,6,2235.0,east
2021-07-06,2021,7,6,2175.0,west
2021-07-07,2021,7,7,2460.0,north
2021-07-07,2021,7,7,2500.0,south
2021-07-07,2021,7,7,2315.0,east
2021-07-07,2021,7,7,2120.0,west
2021-07-08,2021,7,8,2040.0,north
2021-07-08,2021,7,8,2425.0,south
2021-07-08,2021,7,8,2375.0,east
2021-07-08,2021,7,8,2080.0,west
2021-07-09,2021,7,9,2105.0,north
2021-07-09,2021,7,9,2240.0,south
2021-07-09,2021,7,9,2015.0,east
2021-07-09,2021,7,9,2170.0,west
2021-07-10,2021,7,10,2195.0,north
2021-07-10,2021,7,10,2440.0,south
2021-07-10,2021,7,10,2040.0,east
2021-07-10,2021,7,10,2260.0,west
2021-07-11,2021,7,11,2170.0,north
2021-07-11,2021,7,11,2200.0,south
2021-07-11,2021,7,11,2260.0,east
2021-07-11,2021,7,11,2395.0,west
2021-07-12,2021,7,12,2010.0,north
2021-07-12,2021,7,12,2005.0,south
2021-07-12,2021,7,12,2250.0,east
2021-07-12,2021,7,12,2010.0,west
2021-07-13,2021,7,13,2145.0,north
2021-07-13,2021,7,13,2105.0,south
2021-07-13,2021,7,13,2265.0,east
2021-07-13,2021,7,13,2020.0,west
2021-07-14,2021,7,14,2295.0,north
2021-07-14,2021,7,14,2330.0,south
2021-07-14,2021,7,14,2280.0,east
2021-07-14,2021,7,14,2045.0,west
2021-07-15,2021,7,15,2375.0,north
2021-07-15,2021,7,15,2370.0,south
2021-07-15,2021,7,15,2255.0,east
2021-07-15,2021,7,15,2305.0,west
2021-07-16,2021,7,16,2440.0,north
2021-07-16,2021,7,16,2020.0,south
2021-07-16,2021,7,16,2035.0,east
2021-07-16,2021,7,16,2155.0,west
2021-07-17,2021,7,17,2145.0,north
2021-07-17,2021,7,17,2080.0,south
2021-07-17,2021,7,17,2345.0,east
2021-07-17,2021,7,17,2230.0,west
2021-07-18,2021,7,18,2375.0,north
2021-07-18,2021,7,18,2165.0,south
2021-07-18,2021,7,18,2175.0,east
2021-07-18,2021,7,18,2385.0,west
2021-07-19,2021,7,19,2295.0,north
2021-07-19,2021,7,19,2170.0,south
2021-07-19,2021,7,19,2040.0,east
2021-07-19,2021,7,19,2205.0,west
2021-07-20,2021,7,20,2435.0,north
2021-07-20,2021,7,20,2380.0,south
2021-07-20,2021,7,20,2445.0,east
2021-07-20,2021,7,20,2390.0,west
2021-07-21,2021,7,21,2115.0,north
2021-07-21,2021,7,21,2275.0,south
2021-07-21,2021,7,21,2200.0,east
2021-07-21,2021,7,21,2305.0,west
2021-07-22,2021,7,22,2280.0,north
2021-07-22,2021,7,22,2140.0,south
2021-07-22,2021,7,22,2205.0,east
2021-07-22,2021,7,22,2450.0,west
2021-07-23,2021,7,23,2060.0,north
2021-07-23,2021,7,23,2200.0,south
2021-07-23,2021,7,23,2390.0,east
2021-07-23,2021,7,23,2075.0,west
2021-07-24,2021,7,24,2015.0,north
2021-07-24,2021,7,24,2235.0,south
2021-07-24,2021,7,24,2360.0,east
2021-07-24,2021,7,24,2125.0,west
2021-07-25,2021,7,25,2235.0,north
2021-07-25,2021,7,25,2450.0,south
2021-07-25,2021,7,25,2155.0,east
2021-07-25,2021,7,25,2280.0,west
2021-07-26,2021,7,26,2285.0,north
2021-07-26,2021,7,26,2395.0,south
2021-07-26,2021,7,26,2360.0,east
2021-07-26,2021,7,26,2290.0,west
2021-07-27,2021,7,27,2440.0,north
2021-07-27,2021,7,27,2315.0,south
2021-07-27,2021,7,27,2080.0,east
2021-07-27,2021,7,27,2450.0,west
2021-07-28,2021,7,28,2165.0,north
2021-07-28,2021,7,28,2385.0,south
2021-07-28,2021,7,28,2010.0,east
2021-07-28,2021,7,28,2425.0,west
2021-07-29,2021,7,29,2125.0,north
2021-07-29,2021,7,29,2125.0,south
2021-07-29,2021,7,29,2235.0,east
2021-07-29,2021,7,29,2360.0,west
2021-07-30,2021,7,30,2005.0,north
2021-07-30,2021,7,30,2200.0,south
2021-07-30,2021,7,30,2155.0,east
2021-07-30,2021,7,30,2245.0,west
2021-07-31,2021,7,31,2220.0,north
2021-07-31,2021,7,31,2225.0,south
2021-07-31,2021,7,31,2150.0,east
2021-07-31,2021,7,31,2145.0,west
2021-08-01,2021,8,1,2070.0,north
2021-08-01,2021,8,1,2265.0,south
2021-08-01,2021,8,1,2055.0,east
2021-08-01,2021,8,1,2165.0,west
2021-08-02,2021,8,2,2280.0,north
2021-08-02,2021,8,2,2275.0,south
2021-08-02,2021,8,2,2200.0,east
2021-08-02,2021,8,2,2490.0,west
2021-08-03,2021,8,3,2350.0,north
2021-08-03,2021,8,3,2075.0,south
2021-08-03,2021,8,3,2250.0,east
2021-08-03,2021,8,3,2315.0,west
2021-08-04,2021,8,4,2480.0,north
2021-08-04,2021,8,4,2070.0,south
2021-08-04,2021,8,4,2450.0,east
2021-08-04,2021,8,4,2010.0,west
2021-08-05,2021,8,5,2420.0,north
2021-08-05,2021,8,5,2215.0,south
2021-08-05,2021,8,5,2130.0,east
2021-08-05,2021,8,5,2065.0,west
2021-08-06,2021,8,6,2060.0,north
2021-08-06,2021,8,6,2050.0,south
2021-08-06,2021,8,6,2470.0,east
2021-08-06,2021,8,6,2295.0,west
2021-08-07,2021,8,7,2230.0,north
2021-08-07,2021,8,7,2030.0,south
2021-08-07,2021,8,7,2310.0,east
2021-08-07,2021,8,7,2415.0,west
2021-08-08,2021,8,8,2480.0,north
2021-08-08,2021,8,8,2230.0,south
2021-08-08,2021,8,8,2360.0,east
2021-08-08,2021,8,8,2400.0,west
2021-08-09,2021,8,9,2165.0,north
2021-08-09,2021,8,9,2385.0,south
2021-08-09,2021,8,9,2240.0,east
2021-08-09,2021,8,9,2060.0,west
2021-08-10,2021,8,10,2295.0,north
2021-08-10,2021,8,10,2180.0,south
2021-08-10,2021,8,10,2075.0,east
2021-08-10,2021,8,10,2375.0,west
2021-08-11,2021,8,11,2250.0,north
2021-08-11,2021,8,11,2250.0,south
2021-08-11,2021,8,11,2345.0,east
2021-08-11,2021,8,11,2080.0,west
2021-08-12,2021,8,12,2495.0,north
2021-08-12,2021,8,12,2100.0,south
2021-08-12,2021,8,12,2430.0,east
2021-08-12,2021,8,12,2070.0,west
2021-08-13,2021,8,13,2285.0,north
2021-08-13,2021,8,13,2235.0,south
2021-08-13,2021,8,13,2480.0,east
2021-08-13,2021,8,13,2425.0,west
2021-08-14,2021,8,14,2095.0,north
2021-08-14,2021,8,14,2135.0,south
2021-08-14,2021,8,14,2330.0,east
2021-08-14,2021,8,14,2020.0,west
2021-08-15,2021,8,15,2060.0,north
2021-08-15,2021,8,15,2140.0,south
2021-08-15,2021,8,15,2470.0,east
2021-08-15,2021,8,15,2485.0,west
2021-08-16,2021,8,16,2040.0,north
2021-08-16,2021,8,16,2155.0,south
2021-08-16,2021,8,16,2120.0,east
2021-08-16,2021,8,16,2135.0,west
2021-08-17,2021,8,17,2395.0,north
2021-08-17,2021,8,17,2475.0,south
2021-08-17,2021,8,17,2360.0,east
2021-08-17,2021,8,17,2175.0,west
2021-08-18,2021,8,18,2490.0,north
2021-08-18,2021,8,18,2075.0,south
2021-08-18,2021,8,18,2325.0,east
2021-08-18,2021,8,18,2445.0,west
2021-08-19,2021,8,19,2080.0,north
2021-08-19,2021,8,19,2370.0,south
2021-08-19,2021,8,19,2225.0,east
2021-08-19,2021,8,19,2495.0,west
2021-08-20,2021,8,20,2160.0,north
2021-08-20,2021,8,20,2195.0,south
2021-08-20,2021,8,20,2315.0,east
2021-08-20,2021,8,20,2170.0,west
2021-08-21,2021,8,21,2230.0,north
2021-08-21,2021,8,21,2095.0,south
2021-08-21,2021,8,21,2050.0,east
2021-08-21,2021,8,21,2490.0,west
2021-08-22,2021,8,22,2095.0,north
2021-08-22,2021,8,22,2180.0,south
2021-08-22,2021,8,22,2075.0,east
2021-08-22,2021,8,22,2475.0,west
2021-08-23,2021,8,23,2020.0,north
2021-08-23,2021,8,23,2000.0,south
2021-08-23,2021,8,23,2210.0,east
2021-08-23,2021,8,23,2155.0,west
2021-08-24,2021,8,24,2215.0,north
2021-08-24,2021,8,24,2475.0,south
2021-08-24,2021,8,24,2265.0,east
2021-08-24,2021,8,24,2030.0,west
2021-08-25,2021,8,25,2020.0,north
2021-08-25,2021,8,25,2240.0,south
2021-08-25,2021,8,25,2000.0,east
2021-08-25,2021,8,25,2150.0,west
2021-08-26,2021,8,26,2370.0,north
2021-08-26,2021,8,26,2180.0,south
2021-08-26,2021,8,26,2470.0,east
2021-08-26,2021,8,26,2150.0,west
2021-08-27,2021,8,27,2170.0,north
2021-08-27,2021,8,27,2260.0,south
2021-08-27,2021,8,27,2140.0,east
2021-08-27,2021,8,27,2045.0,west
2021-08-28,2021,8,28,2490.0,north
2021-08-28,2021,8,28,2320.0,south
2021-08-28,2021,8,28,2230.0,east
2021-08-28,2021,8,28,2440.0,west
2021-08-29,2021,8,29,2185.0,north
2021-08-29,2021,8,29,2350.0,south
2021-08-29,2021,8,29,2445.0,east
2021-08-29,2021,8,29,2365.0,west
2021-08-30,2021,8,30,2065.0,north
2021-08-30,2021,8,30,2015.0,south
2021-08-30,2021,8,30,2160.0,east
2021-08-30,2021,8,30,2300.0,west
2021-08-31,2021,8,31,2045.0,north
2021-08-31,2021,8,31,2440.0,south
2021-08-31,2021,8,31,2165.0,east
2021-08-31,2021,8,31,2180.0,west
2021-09-01,2021,9,1,2330.0,north
2021-09-01,2021,9,1,2240.0,south
2021-09-01,2021,9,1,2120.0,east
2021-09-01,2021,9,1,2495.0,west
2021-09-02,2021,9,2,2080.0,north
2021-09-02,2021,9,2,2415.0,south
2021-09-02,2021,9,2,2085.0,east
2021-09-02,2021,9,2,2400.0,west
2021-09-03,2021,9,3,2255.0,north
2021-09-03,2021,9,3,2245.0,south
2021-09-03,2021,9,3,2020.0,east
2021-09-03,2021,9,3,2270.0,west
2021-09-04,2021,9,4,2395.0,north
2021-09-04,2021,9,4,2165.0,south
2021-09-04,2021,9,4,2020.0,east
2021-09-04,2021,9,4,2135.0,west
2021-09-05,2021,9,5,2330.0,north
2021-09-05,2021,9,5,2290.0,south
2021-09-05,2021,9,5,2045.0,east
2021-09-05,2021,9,5,2255.0,west
2021-09-06,2021,9,6,2345.0,north
2021-09-06,2021,9,6,2185.0,south
2021-09-06,2021,9,6,2335.0,east
2021-09-06,2021,9,6,2300.0,west
2021-09-07,2021,9,7,2040.0,north
2021-09-07,2021,9,7,2055.0,south
2021-09-07,2021,9,7,2270.0,east
2021-09-07,2021,9,7,2335.0,west
2021-09-08,2021,9,8,2425.0,north
2021-09-08,2021,9,8,2445.0,south
2021-09-08,2021,9,8,2480.0,east
2021-09-08,2021,9,8,2480.0,west
2021-09-09,2021,9,9,2000.0,north
2021-09-09,2021,9,9,2075.0,south
2021-09-09,2021,9,9,2345.0,east
2021-09-09,2021,9,9,2245.0,west
2021-09-10,2021,9,10,2070.0,north
2021-09-10,2021,9,10,2365.0,south
2021-09-10,2021,9,10,2015.0,east
2021-09-10,2021,9,10,2375.0,west
2021-09-11,2021,9,11,2270.0,north
2021-09-11,2021,9,11,2015.0,south
2021-09-11,2021,9,11,2000.0,east
2021-09-11,2021,9,11,2295.0,west
2021-09-12,2021,9,12,2435.0,north
2021-09-12,2021,9,12,2485.0,south
2021-09-12,2021,9,12,2450.0,east
2021-09-12,2021,9,12,2205.0,west
2021-09-13,2021,9,13,2415.0,north
2021-09-13,2021,9,13,2440.0,south
2021-09-13,2021,9,13,2490.0,east
2021-09-13,2021,9,13,2415.0,west
2021-09-14,2021,9,14,2260.0,north
2021-09-14,2021,9,14,2385.0,south
2021-09-14,2021,9,14,2280.0,east
2021-09-14,2021,9,14,2210.0,west
2021-09-15,2021,9,15,2070.0,north
2021-09-15,2021,9,15,2105.0,south
2021-09-15,2021,9,15,2425.0,east
2021-09-15,2021,9,15,2265.0,west
2021-09-16,2021,9,16,2190.0,north
2021-09-16,2021,9,16,2110.0,south
2021-09-16,2021,9,16,2115.0,east
2021-09-16,2021,9,16,2455.0,west
2021-09-17,2021,9,17,2270.0,north
2021-09-17,2021,9,17,2350.0,south
2021-09-17,2021,9,17,2365.0,east
2021-09-17,2021,9,17,2270.0,west
2021-09-18,2021,9,18,2200.0,north
2021-09-18,2021,9,18,2500.0,south
2021-09-18,2021,9,18,2425.0,east
2021-09-18,2021,9,18,2290.0,west
2021-09-19,2021,9,19,2460.0,north
2021-09-19,2021,9,19,2185.0,south
2021-09-19,2021,9,19,2390.0,east
2021-09-19,2021,9,19,2175.0,west
2021-09-20,2021,9,20,2480.0,north
2021-09-20,2021,9,20,2385.0,south
2021-09-20,2021,9,20,2150.0,east
2021-09-20,2021,9,20,2225.0,west
2021-09-21,2021,9,21,2395.0,north
2021-09-21,2021,9,21,2395.0,south
2021-09-21,2021,9,21,2445.0,east
2021-09-21,2021,9,21,2295.0,west
2021-09-22,2021,9,22,2285.0,north
2021-09-22,2021,9,22,2095.0,south
2021-09-22,2021,9,22,2310.0,east
2021-09-22,2021,9,22,2120.0,west
2021-09-23,2021,9,23,2075.0,north
2021-09-23,2021,9,23,2390.0,south
2021-09-23,2021,9,23,2485.0,east
2021-09-23,2021,9,23,2475.0,west
2021-09-24,2021,9,24,2225.0,north
2021-09-24,2021,9,24,2325.0,south
2021-09-24,2021,9,24,2195.0,east
2021-09-24,2021,9,24,2410.0,west
2021-09-25,2021,9,25,2285.0,north
2021-09-25,2021,9,25,2000.0,south
2021-09-25,2021,9,25,2345.0,east
2021-09-25,2021,9,25,2400.0,west
2021-09-26,2021,9,26,2260.0,north
2021-09-26,2021,9,26,2300.0,south
2021-09-26,2021,9,26,2150.0,east
2021-09-26,2021,9,26,2200.0,west
2021-09-27,2021,9,27,2140.0,north
2021-09-27,2021,9,27,2365.0,south
2021-09-27,2021,9,27,2090.0,east
2021-09-27,2021,9,27,2115.0,west
2021-09-28,2021,9,28,2070.0,north
2021-09-28,2021,9,28,2085.0,south
2021-09-28,2021,9,28,2435.0,east
2021-09-28,2021,9,28,2115.0,west
2021-09-29,2021,9,29,2340.0,north
2021-09-29,2021,9,29,2225.0,south
2021-09-29,2021,9,29,2140.0,east
2021-09-29,2021,9,29,2240.0,west
2021-09-30,2021,9,30,2000.0,north
2021-09-30,2021,9,30,2175.0,south
2021-09-30,2021,9,30,2020.0,east
2021-09-30,2021,9,30,2425.0,west
2021-10-01,2021,10,1,2350.0,north
2021-10-01,2021,10,1,2215.0,south
2021-10-01,2021,10,1,2345.0,east
2021-10-01,2021,10,1,2360.0,west
2021-10-02,2021,10,2,2370.0,north
2021-10-02,2021,10,2,2180.0,south
2021-10-02,2021,10,2,2000.0,east
2021-10-02,2021,10,2,2235.0,west
2021-10-03,2021,10,3,2055.0,north
2021-10-03,2021,10,3,2265.0,south
2021-10-03,2021,10,3,2165.0,east
2021-10-03,2021,10,3,2165.0,west
2021-10-04,2021,10,4,2135.0,north
2021-10-04,2021,10,4,2395.0,south
2021-10-04,2021,10,4,2240.0,east
2021-10-04,2021,10,4,2295.0,west
2021-10-05,2021,10,5,2425.0,north
2021-10-05,2021,10,5,2255.0,south
2021-10-05,2021,10,5,2145.0,east
2021-10-05,2021,10,5,2000.0,west
2021-10-06,2021,10,6,2090.0,north
2021-10-06,2021,10,6,2390.0,south
2021-10-06,2021,10,6,2120.0,east
2021-10-06,2021,10,6,2405.0,west
2021-10-07,2021,10,7,2370.0,north
2021-10-07,2021,10,7,2080.0,south
2021-10-07,2021,10,7,2160.0,east
2021-10-07,2021,10,7,2270.0,west
2021-10-08,2021,10,8,2455.0,north
2021-10-08,2021,10,8,2360.0,south
2021-10-08,2021,10,8,2085.0,east
2021-10-08,2021,10,8,2045.0,west
2021-10-09,2021,10,9,2260.0,north
2021-10-09,2021,10,9,2300.0,south
2021-10-09,2021,10,9,2065.0,east
2021-10-09,2021,10,9,2025.0,west
2021-10-10,2021,10,10,2400.0,north
2021-10-10,2021,10,10,2255.0,south
2021-10-10,2021,10,10,2335.0,east
2021-10-10,2021,10,10,2460.0,west
2021-10-11,2021,10,11,2120.0,north
2021-10-11,2021,10,11,2230.0,south
2021-10-11,2021,10,11,2195.0,east
2021-10-11,2021,10,11,2205.0,west
2021-10-12,2021,10,12,2105.0,north
2021-10-12,2021,10,12,2105.0,south
2021-10-12,2021,10,12,2065.0,east
2021-10-12,2021,10,12,2005.0,west
2021-10-13,2021,10,13,2205.0,north
2021-10-13,2021,10,13,2495.0,south
2021-10-13,2021,10,13,2125.0,east
2021-10-13,2021,10,13,2410.0,west
2021-10-14,2021,10,14,2320.0,north
2021-10-14,2021,10,14,2010.0,south
2021-10-14,2021,10,14,2330.0,east
2021-10-14,2021,10,14,2275.0,west
2021-10-15,2021,10,15,2305.0,north
2021-10-15,2021,10,15,2425.0,south
2021-10-15,2021,10,15,2310.0,east
2021-10-15,2021,10,15,2090.0,west
2021-10-16,2021,10,16,2485.0,north
2021-10-16,2021,10,16,2415.0,south
2021-10-16,2021,10,16,2395.0,east
2021-10-16,2021,10,16,2090.0,west
2021-10-17,2021,10,17,2010.0,north
2021-10-17,2021,10,17,2085.0,south
2021-10-17,2021,10,17,2250.0,east
2021-10-17,2021,10,17,2450.0,west
2021-10-18,2021,10,18,2230.0,north
2021-10-18,2021,10,18,2310.0,south
2021-10-18,2021,10,18,2005.0,east
2021-10-18,2021,10,18,2025.0,west
2021-10-19,2021,10,19,2085.0,north
2021-10-19,2021,10,19,2275.0,south
2021-10-19,2021,10,19,2220.0,east
2021-10-19,2021,10,19,2395.0,west
2021-10-20,2021,10,20,2070.0,north
2021-10-20,2021,10,20,2210.0,south
2021-10-20,2021,10,20,2290.0,east
2021-10-20,2021,10,20,2380.0,west
2021-10-21,2021,10,21,2475.0,north
2021-10-21,2021,10,21,2175.0,south
2021-10-21,2021,10,21,2015.0,east
2021-10-21,2021,10,21,2115.0,west
2021-10-22,2021,10,22,2030.0,north
2021-10-22,2021,10,22,2400.0,south
2021-10-22,2021,10,22,2180.0,east
2021-10-22,2021,10,22,2345.0,west
2021-10-23,2021,10,23,2485.0,north
2021-10-23,2021,10,23,2225.0,south
2021-10-23,2021,10,23,2095.0,east
2021-10-23,2021,10,23,2350.0,west
2021-10-24,2021,10,24,2315.0,north
2021-10-24,2021,10,24,2155.0,south
2021-10-24,2021,10,24,2305.0,east
2021-10-24,2021,10,24,2250.0,west
2021-10-25,2021,10,25,2470.0,north
2021-10-25,2021,10,25,2135.0,south
2021-10-25,2021,10,25,2255.0,east
2021-10-25,2021,10,25,2270.0,west
2021-10-26,2021,10,26,2410.0,north
2021-10-26,2021,10,26,2490.0,south
2021-10-26,2021,10,26,2250.0,east
2021-10-26,2021,10,26,2220.0,west
2021-10-27,2021,10,27,2145.0,north
2021-10-27,2021,10,27,2145.0,south
2021-10-27,2021,10,27,2450.0,east
2021-10-27,2021,10,27,2090.0,west
2021-10-28,2021,10,28,2165.0,north
2021-10-28,2021,10,28,2355.0,south
2021-10-28,2021,10,28,2315.0,east
2021-10-28,2021,10,28,2300.0,west
2021-10-29,2021,10,29,2225.0,north
2021-10-29,2021,10,29,2175.0,south
2021-10-29,2021,10,29,2435.0,east
2021-10-29,2021,10,29,2035.0,west
2021-10-30,2021,10,30,2430.0,north
2021-10-30,2021,10,30,2180.0,south
2021-10-30,2021,10,30,2060.0,east
2021-10-30,2021,10,30,2470.0,west
2021-10-31,2021,10,31,2400.0,north
2021-10-31,2021,10,31,2220.0,south
2021-10-31,2021,10,31,2395.0,east
2021-10-31,2021,10,31,2120.0,west
2021-11-01,2021,11,1,2080.0,north
2021-11-01,2021,11,1,2445.0,south
2021-11-01,2021,11,1,2415.0,east
2021-11-01,2021,11,1,2355.0,west
2021-11-02,2021,11,2,2405.0,north
2021-11-02,2021,11,2,2120.0,south
2021-11-02,2021,11,2,2195.0,east
2021-11-02,2021,11,2,2025.0,west
2021-11-03,2021,11,3,2305.0,north
2021-11-03,2021,11,3,2035.0,south
2021-11-03,2021,11,3,2085.0,east
2021-11-03,2021,11,3,2285.0,west
2021-11-04,2021,11,4,2205.0,north
2021-11-04,2021,11,4,2155.0,south
2021-11-04,2021,11,4,2105.0,east
2021-11-04,2021,11,4,2085.0,west
2021-11-05,2021,11,5,2475.0,north
2021-11-05,2021,11,5,2425.0,south
2021-11-05,2021,11,5,2330.0,east
2021-11-05,2021,11,5,2205.0,west
2021-11-06,2021,11,6,2235.0,north
2021-11-06,2021,11,6,2050.0,south
2021-11-06,2021,11,6,2455.0,east
2021-11-06,2021,11,6,2065.0,west
2021-11-07,2021,11,7,2210.0,north
2021-11-07,2021,11,7,2065.0,south
2021-11-07,2021,11,7,2215.0,east
2021-11-07,2021,11,7,2275.0,west
2021-11-08,2021,11,8,2005.0,north
2021-11-08,2021,11,8,2120.0,south
2021-11-08,2021,11,8,2140.0,east
2021-11-08,2021,11,8,2260.0,west
2021-11-09,2021,11,9,2165.0,north
2021-11-09,2021,11,9,2000.0,south
2021-11-09,2021,11,9,2435.0,east
2021-11-09,2021,11,9,2250.0,west
2021-11-10,2021,11,10,2485.0,north
2021-11-10,2021,11,10,2090.0,south
2021-11-10,2021,11,10,2025.0,east
2021-11-10,2021,11,10,2365.0,west
2021-11-11,2021,11,11,2150.0,north
2021-11-11,2021,11,11,2160.0,south
2021-11-11,2021,11,11,2035.0,east
2021-11-11,2021,11,11,2445.0,west
2021-11-12,2021,11,12,2350.0,north
2021-11-12,2021,11,12,2130.0,south
2021-11-12,2021,11,12,2045.0,east
2021-11-12,2021,11,12,2490.0,west
2021-11-13,2021,11,13,2315.0,north
2021-11-13,2021,11,13,2210.0,south
2021-11-13,2021,11,13,2345.0,east
2021-11-13,2021,11,13,2285.0,west
2021-11-14,2021,11,14,2225.0,north
2021-11-14,2021,11,14,2190.0,south
2021-11-14,2021,11,14,2495.0,east
2021-11-14,2021,11,14,2485.0,west
2021-11-15,2021,11,15,2105.0,north
2021-11-15,2021,11,15,2425.0,south
2021-11-15,2021,11,15,2155.0,east
2021-11-15,2021,11,15,2495.0,west
2021-11-16,2021,11,16,2485.0,north
2021-11-16,2021,11,16,2225.0,south
2021-11-16,2021,11,16,2315.0,east
2021-11-16,2021,11,16,2300.0,west
2021-11-17,2021,11,17,2165.0,north
2021-11-17,2021,11,17,2240.0,south
2021-11-17,2021,11,17,2290.0,east
2021-11-17,2021,11,17,2025.0,west
2021-11-18,2021,11,18,2080.0,north
2021-11-18,2021,11,18,2325.0,south
2021-11-18,2021,11,18,2105.0,east
2021-11-18,2021,11,18,2245.0,west
2021-11-19,2021,11,19,2180.0,north
2021-11-19,2021,11,19,2180.0,south
2021-11-19,2021,11,19,2345.0,east
2021-11-19,2021,11,19,2435.0,west
2021-11-20,2021,11,20,2490.0,north
2021-11-20,2021,11,20,2160.0,south
2021-11-20,2021,11,20,2460.0,east
2021-11-20,2021,11,20,2040.0,west
2021-11-21,2021,11,21,2010.0,north
2021-11-21,2021,11,21,2440.0,south
2021-11-21,2021,11,21,2190.0,east
2021-11-21,2021,11,21,2365.0,west
2021-11-22,2021,11,22,2145.0,north
2021-11-22,2021,11,22,2420.0,south
2021-11-22,2021,11,22,2200.0,east
2021-11-22,2021,11,22,2075.0,west
2021-11-23,2021,11,23,2075.0,north
2021-11-23,2021,11,23,2450.0,south
2021-11-23,2021,11,23,2280.0,east
2021-11-23,2021,11,23,2220.0,west
2021-11-24,2021,11,24,2410.0,north
2021-11-24,2021,11,24,2015.0,south
2021-11-24,2021,11,24,2020.0,east
2021-11-24,2021,11,24,2060.0,west
2021-11-25,2021,11,25,2410.0,north
2021-11-25,2021,11,25,2485.0,south
2021-11-25,2021,11,25,2445.0,east
2021-11-25,2021,11,25,2285.0,west
2021-11-26,2021,11,26,2490.0,north
2021-11-26,2021,11,26,2215.0,south
2021-11-26,2021,11,26,2015.0,east
2021-11-26,2021,11,26,2070.0,west
2021-11-27,2021,11,27,2170.0,north
2021-11-27,2021,11,27,2235.0,south
2021-11-27,2021,11,27,2145.0,east
2021-11-27,2021,11,27,2370.0,west
2021-11-28,2021,11,28,2035.0,north
2021-11-28,2021,11,28,2335.0,south
2021-11-28,2021,11,28,2390.0,east
2021-11-28,2021,11,28,2500.0,west
2021-11-29,2021,11,29,2180.0,north
2021-11-29,2021,11,29,2495.0,south
2021-11-29,2021,11,29,2170.0,east
2021-11-29,2021,11,29,2275.0,west
2021-11-30,2021,11,30,2265.0,north
2021-11-30,2021,11,30,2035.0,south
2021-11-30,2021,11,30,2480.0,east
2021-11-30,2021,11,30,2390.0,west
2021-12-01,2021,12,1,2415.0,north
2021-12-01,2021,12,1,2275.0,south
2021-12-01,2021,12,1,2100.0,east
2021-12-01,2021,12,1,2105.0,west
2021-12-02,2021,12,2,2330.0,north
2021-12-02,2021,12,2,2170.0,south
2021-12-02,2021,12,2,2460.0,east
2021-12-02,2021,12,2,2200.0,west
2021-12-03,2021,12,3,2225.0,north
2021-12-03,2021,12,3,2350.0,south
2021-12-03,2021,12,3,2125.0,east
2021-12-03,2021,12,3,2245.0,west
2021-12-04,2021,12,4,2025.0,north
2021-12-04,2021,12,4,2010.0,south
2021-12-04,2021,12,4,2005.0,east
2021-12-04,2021,12,4,2455.0,west
2021-12-05,2021,12,5,2130.0,north
2021-12-05,2021,12,5,2445.0,south
2021-12-05,2021,12,5,2190.0,east
2021-12-05,2021,12,5,2265.0,west
2021-12-06,2021,12,6,2380.0,north
2021-12-06,2021,12,6,2235.0,south
2021-12-06,2021,12,6,2200.0,east
2021-12-06,2021,12,6,2200.0,west
2021-12-07,2021,12,7,2090.0,north
2021-12-07,2021,12,7,2165.0,south
2021-12-07,2021,12,7,2300.0,east
2021-12-07,2021,12,7,2400.0,west
2021-12-08,2021,12,8,2135.0,north
2021-12-08,2021,12,8,2315.0,south
2021-12-08,2021,12,8,2375.0,east
2021-12-08,2021,12,8,2080.0,west
2021-12-09,2021,12,9,2270.0,north
2021-12-09,2021,12,9,2430.0,south
2021-12-09,2021,12,9,2335.0,east
2021-12-09,2021,12,9,2065.0,west
2021-12-10,2021,12,10,2235.0,north
2021-12-10,2021,12,10,2375.0,south
2021-12-10,2021,12,10,2400.0,east
2021-12-10,2021,12,10,2305.0,west
2021-12-11,2021,12,11,2310.0,north
2021-12-11,2021,12,11,2155.0,south
2021-12-11,2021,12,11,2435.0,east
2021-12-11,2021,12,11,2165.0,west
2021-12-12,2021,12,12,2225.0,north
2021-12-12,2021,12,12,2055.0,south
2021-12-12,2021,12,12,2235.0,east
2021-12-12,2021,12,12,2295.0,west
2021-12-13,2021,12,13,2040.0,north
2021-12-13,2021,12,13,2320.0,south
2021-12-13,2021,12,13,2110.0,east
2021-12-13,2021,12,13,2180.0,west
2021-12-14,2021,12,14,2360.0,north
2021-12-14,2021,12,14,2420.0,south
2021-12-14,2021,12,14,2370.0,east
2021-12-14,2021,12,14,2335.0,west
2021-12-15,2021,12,15,2485.0,north
2021-12-15,2021,12,15,2495.0,south
2021-12-15,2021,12,15,2365.0,east
2021-12-15,2021,12,15,2155.0,west
2021-12-16,2021,12,16,2385.0,north
2021-12-16,2021,12,16,2385.0,south
2021-12-16,2021,12,16,2435.0,east
2021-12-16,2021,12,16,2290.0,west
2021-12-17,2021,12,17,2210.0,north
2021-12-17,2021,12,17,2085.0,south
2021-12-17,2021,12,17,2090.0,east
2021-12-17,2021,12,17,2370.0,west
2021-12-18,2021,12,18,2145.0,north
2021-12-18,2021,12,18,2210.0,south
2021-12-18,2021,12,18,2380.0,east
2021-12-18,2021,12,18,2455.0,west
2021-12-19,2021,12,19,2270.0,north
2021-12-19,2021,12,19,2040.0,south
2021-12-19,2021,12,19,2180.0,east
2021-12-19,2021,12,19,2500.0,west
2021-12-20,2021,12,20,2115.0,north
2021-12-20,2021,12,20,2325.0,south
2021-12-20,2021,12,20,2250.0,east
2021-12-20,2021,12,20,2180.0,west
2021-12-21,2021,12,21,2330.0,north
2021-12-21,2021,12,21,2075.0,south
2021-12-21,2021,12,21,2355.0,east
2021-12-21,2021,12,21,2355.0,west
2021-12-22,2021,12,22,2205.0,north
2021-12-22,2021,12,22,2155.0,south
2021-12-22,2021,12,22,2010.0,east
2021-12-22,2021,12,22,2005.0,west
2021-12-23,2021,12,23,2410.0,north
2021-12-23,2021,12,23,2265.0,south
2021-12-23,2021,12,23,2205.0,east
2021-12-23,2021,12,23,2115.0,west
2021-12-24,2021,12,24,2050.0,north
2021-12-24,2021,12,24,2135.0,south
2021-12-24,2021,12,24,2440.0,east
2021-12-24,2021,12,24,2360.0,west
2021-12-25,2021,12,25,2405.0,north
2021-12-25,2021,12,25,2115.0,south
2021-12-25,2021,12,25,2085.0,east
2021-12-25,2021,12,25,2290.0,west
2021-12-26,2021,12,26,2245.0,north
2021-12-26,2021,12,26,2460.0,south
2021-12-26,2021,12,26,2450.0,east
2021-12-26,2021,12,26,2310.0,west
2021-12-27,2021,12,27,2370.0,north
2021-12-27,2021,12,27,2040.0,south
2021-12-27,2021,12,27,2415.0,east
2021-12-27,2021,12,27,2015.0,west
2021-12-28,2021,12,28,2245.0,north
2021-12-28,2021,12,28,2120.0,south
2021-12-28,2021,12,28,2415.0,east
2021-12-28,2021,12,28,2295.0,west
2021-12-29,2021,12,29,2445.0,north
2021-12-29,2021,12,29,2215.0,south
2021-12-29,2021,12,29,2285.0,east
2021-12-29,2021,12,29,2395.0,west
2021-12-30,2021,12,30,2435.0,north
2021-12-30,2021,12,30,2400.0,south
2021-12-30,2021,12,30,2260.0,east
2021-12-30,2021,12,30,2315.0,west
2021-12-31,2021,12,31,2315.0,north
2021-12-31,2021,12,31,2175.0,south
2021-12-31,2021,12,31,2295.0,east
2021-12-31,2021,12,31,2055.0,west
2022-01-01,2022,1,1,2130.0,north
2022-01-01,2022,1,1,2480.0,south
2022-01-01,2022,1,1,2190.0,east
2022-01-01,2022,1,1,2170.0,west
2022-01-02,2022,1,2,2160.0,north
2022-01-02,2022,1,2,2120.0,south
2022-01-02,2022,1,2,2110.0,east
2022-01-02,2022,1,2,2080.0,west
2022-01-03,2022,1,3,2050.0,north
2022-01-03,2022,1,3,2150.0,south
2022-01-03,2022,1,3,2440.0,east
2022-01-03,2022,1,3,2055.0,west
2022-01-04,2022,1,4,2405.0,north
2022-01-04,2022,1,4,2020.0,south
2022-01-04,2022,1,4,2010.0,east
2022-01-04,2022,1,4,2005.0,west
2022-01-05,2022,1,5,2480.0,north
2022-01-05,2022,1,5,2360.0,south
2022-01-05,2022,1,5,2025.0,east
2022-01-05,2022,1,5,2275.0,west
2022-01-06,2022,1,6,2245.0,north
2022-01-06,2022,1,6,2060.0,south
2022-01-06,2022,1,6,2290.0,east
2022-01-06,2022,1,6,2205.0,west
2022-01-07,2022,1,7,2065.0,north
2022-01-07,2022,1,7,2050.0,south
2022-01-07,2022,1,7,2180.0,east
2022-01-07,2022,1,7,2135.0,west
2022-01-08,2022,1,8,2370.0,north
2022-01-08,2022,1,8,2245.0,south
2022-01-08,2022,1,8,2070.0,east
2022-01-08,2022,1,8,2395.0,west
2022-01-09,2022,1,9,2490.0,north
2022-01-09,2022,1,9,2105.0,south
2022-01-09,2022,1,9,2335.0,east
2022-01-09,2022,1,9,2250.0,west
2022-01-10,2022,1,10,2240.0,north
2022-01-10,2022,1,10,2090.0,south
2022-01-10,2022,1,10,2370.0,east
2022-01-10,2022,1,10,2315.0,west
2022-01-11,2022,1,11,2000.0,north
2022-01-11,2022,1,11,2075.0,south
2022-01-11,2022,1,11,2305.0,east
2022-01-11,2022,1,11,2145.0,west
2022-01-12,2022,1,12,2050.0,north
2022-01-12,2022,1,12,2260.0,south
2022-01-12,2022,1,12,2095.0,east
2022-01-12,2022,1,12,2500.0,west
2022-01-13,2022,1,13,2260.0,north
2022-01-13,2022,1,13,2365.0,south
2022-01-13,2022,1,13,2485.0,east
2022-01-13,2022,1,13,2180.0,west
2022-01-14,2022,1,14,2245.0,north
2022-01-14,2022,1,14,2225.0,south
2022-01-14,2022,1,14,2080.0,east
2022-01-14,2022,1,14,2250.0,west
2022-01-15,2022,1,15,2115.0,north
2022-01-15,2022,1,15,2145.0,south
2022-01-15,2022,1,15,2130.0,east
2022-01-15,2022,1,15,2120.0,west
2022-01-16,2022,1,16,2315.0,north
2022-01-16,2022,1,16,2410.0,south
2022-01-16,2022,1,16,2290.0,east
2022-01-16,2022,1,16,2150.0,west
2022-01-17,2022,1,17,2295.0,north
2022-01-17,2022,1,17,2015.0,south
2022-01-17,2022,1,17,2070.0,east
2022-01-17,2022,1,17,2095.0,west
2022-01-18,2022,1,18,2045.0,north
2022-01-18,2022,1,18,2125.0,south
2022-01-18,2022,1,18,2085.0,east
2022-01-18,2022,1,18,2095.0,west
2022-01-19,2022,1,19,2295.0,north
2022-01-19,2022,1,19,2265.0,south
2022-01-19,2022,1,19,2040.0,east
2022-01-19,2022,1,19,2200.0,west
2022-01-20,2022,1,20,2415.0,north
2022-01-20,2022,1,20,2435.0,south
2022-01-20,2022,1,20,2160.0,east
2022-01-20,2022,1,20,2210.0,west
2022-01-21,2022,1,21,2295.0,north
2022-01-21,2022,1,21,2405.0,south
2022-01-21,2022,1,21,2380.0,east
2022-01-21,2022,1,21,2360.0,west
2022-01-22,2022,1,22,2080.0,north
2022-01-22,2022,1,22,2220.0,south
2022-01-22,2022,1,22,2495.0,east
2022-01-22,2022,1,22,2500.0,west
2022-01-23,2022,1,23,2170.0,north
2022-01-23,2022,1,23,2135.0,south
2022-01-23,2022,1,23,2205.0,east
2022-01-23,2022,1,23,2445.0,west
2022-01-24,2022,1,24,2195.0,north
2022-01-24,2022,1,24,2375.0,south
2022-01-24,2022,1,24,2370.0,east
2022-01-24,2022,1,24,2410.0,west
2022-01-25,2022,1,25,2470.0,north
2022-01-25,2022,1,25,2370.0,south
2022-01-25,2022,1,25,2110.0,east
2022-01-25,2022,1,25,2480.0,west
2022-01-26,2022,1,26,2085.0,north
2022-01-26,2022,1,26,2320.0,south
2022-01-26,2022,1,26,2075.0,east
2022-01-26,2022,1,26,2485.0,west
2022-01-27,2022,1,27,2165.0,north
2022-01-27,2022,1,27,2400.0,south
2022-01-27,2022,1,27,2055.0,east
2022-01-27,2022,1,27,2435.0,west
2022-01-28,2022,1,28,2380.0,north
2022-01-28,2022,1,28,2410.0,south
2022-01-28,2022,1,28,2240.0,east
2022-01-28,2022,1,28,2450.0,west
2022-01-29,2022,1,29,2190.0,north
2022-01-29,2022,1,29,2345.0,south
2022-01-29,2022,1,29,2290.0,east
2022-01-29,2022,1,29,2380.0,west
2022-01-30,2022,1,30,2145.0,north
2022-01-30,2022,1,30,2150.0,south
2022-01-30,2022,1,30,2500.0,east
2022-01-30,2022,1,30,2305.0,west
2022-01-31,2022,1,31,2045.0,north
2022-01-31,2022,1,31,2375.0,south
2022-01-31,2022,1,31,2040.0,east
2022-01-31,2022,1,31,2055.0,west
2022-02-01,2022,2,1,2405.0,north
2022-02-01,2022,2,1,2310.0,south
2022-02-01,2022,2,1,2405.0,east
2022-02-01,2022,2,1,2420.0,west
2022-02-02,2022,2,2,2160.0,north
2022-02-02,2022,2,2,2485.0,south
2022-02-02,2022,2,2,2375.0,east
2022-02-02,2022,2,2,2435.0,west
2022-02-03,2022,2,3,2125.0,north
2022-02-03,2022,2,3,2185.0,south
2022-02-03,2022,2,3,2090.0,east
2022-02-03,2022,2,3,2115.0,west
2022-02-04,2022,2,4,2035.0,north
2022-02-04,2022,2,4,2215.0,south
2022-02-04,2022,2,4,2010.0,east
2022-02-04,2022,2,4,2190.0,west
2022-02-05,2022,2,5,2070.0,north
2022-02-05,2022,2,5,2000.0,south
2022-02-05,2022,2,5,2130.0,east
2022-02-05,2022,2,5,2235.0,west
2022-02-06,2022,2,6,2250.0,north
2022-02-06,2022,2,6,2365.0,south
2022-02-06,2022,2,6,2020.0,east
2022-02-06,2022,2,6,2215.0,west
2022-02-07,2022,2,7,2290.0,north
2022-02-07,2022,2,7,2145.0,south
2022-02-07,2022,2,7,2255.0,east
2022-02-07,2022,2,7,2265.0,west
2022-02-08,2022,2,8,2375.0,north
2022-02-08,2022,2,8,2360.0,south
2022-02-08,2022,2,8,2430.0,east
2022-02-08,2022,2,8,2330.0,west
2022-02-09,2022,2,9,2290.0,north
2022-02-09,2022,2,9,2435.0,south
2022-02-09,2022,2,9,2225.0,east
2022-02-09,2022,2,9,2255.0,west
2022-02-10,2022,2,10,2275.0,north
2022-02-10,2022,2,10,2310.0,south
2022-02-10,2022,2,10,2070.0,east
2022-02-10,2022,2,10,2445.0,west
2022-02-11,2022,2,11,2405.0,north
2022-02-11,2022,2,11,2030.0,south
2022-02-11,2022,2,11,2470.0,east
2022-02-11,2022,2,11,2265.0,west
2022-02-12,2022,2,12,2245.0,north
2022-02-12,2022,2,12,2490.0,south
2022-02-12,2022,2,12,2110.0,east
2022-02-12,2022,2,12,2085.0,west
2022-02-13,2022,2,13,2425.0,north
2022-02-13,2022,2,13,2245.0,south
2022-02-13,2022,2,13,2500.0,east
2022-02-13,2022,2,13,2390.0,west
2022-02-14,2022,2,14,2035.0,north
2022-02-14,2022,2,14,2465.0,south
2022-02-14,2022,2,14,2500.0,east
2022-02-14,2022,2,14,2115.0,west
